hospital_id,npi_id,note
nyc_002,1669440327,
nyc_002,1417925181,
nyc_002,1568601342,
nyc_002,1033186093,
nyc_002,1669440327,
nyc_002,1932103413,
nyc_002,1033206362,
nyc_002,1568601342,
nyc_002,1053721563,
nyc_002,1225295512,
nyc_002,1528519014,
nyc_002,1083200695,
nyc_003,1972863249,
nyc_003,1659470276,
nyc_003,1366541989,
nyc_003,1598864118,
nyc_003,1134393911,
nyc_003,1801992631,
nyc_003,1790975944,
nyc_004,1013177435,"MEMORIAL SLOAN KETTERING CANCER CENTER | 1275 YORK AVE | HOWARD 10 | NEW YORK | NY"
nyc_004,1013365733,"MEMORIAL SLOAN KETTERING CANCER CENTER | 1275 YORK AVE | | NEW YORK | NY"
nyc_004,1043281512,"MEMORIAL CLINICAL PHYSIOLOGY GROUP | 1275 YORK AVE | | NEW YORK | NY"
nyc_004,1053364539,"MEMORIAL URGENT CARE GROUP | 1275 YORK AVE | | NEW YORK | NY"
nyc_004,1053382523,"MEMORIAL MEDICAL CONSULTATION GROUP | 1275 YORK AVE | | NEW YORK | NY"
nyc_004,1073640744,"MEMORIAL SLOAN KETTERING CANCER CENTER | 1275 YORK AVE | DEPT. OF RADIATION ONCOLOGY, SM03 | NEW YORK | NY"
nyc_004,1124378278,"MEMORIAL SLOAN-KETTERING CANCER CENTER | 1275 YORK AVE | | NEW YORK | NY"
nyc_004,1134306855,"MEMORIAL SLOAN KETTERING CANCER CENTER | 1275 YORK AVE | MEMORIAL 7 | NEW YORK | NY"
nyc_004,1134472277,"MEMORIAL SLOAN KETTERING CANCER CENTER | 1275 YORK AVE | | NEW YORK | NY"
nyc_004,1194702282,"MEMORIAL NUCLEAR MEDICINE GROUP | 1275 YORK AVE | | NEW YORK | NY"
nyc_004,1194975474,"MSKCC CLINICAL PRACTICE PLAN | 1275 YORK AVE | | NEW YORK | NY"
nyc_004,1235100793,"MEMORIAL DERMATOLOGY GROUP | 1275 YORK AVE | | NEW YORK | NY"
nyc_004,1235109224,"MEMORIAL RADIATION ONCOLOGY GROUP | 1275 YORK AVE | | NEW YORK | NY"
nyc_004,1235394099,"MEMORIAL SLOAN-KETTERING CANCER CENTER | 1275 YORK AVENUE, BOX 435 | | NEW YORK | NY"
nyc_004,1265694897,"MEMORIAL SLOAN KETTERING CANCER CENTER | 1275 YORK AVE | | NEW YORK | NY"
nyc_004,1285871814,"MEMORIAL SLOAN KETTERING CANCER CENTER | 1275 YORK AVE | | NEW YORK | NY"
nyc_004,1295706869,"MEMORIAL CLINICAL IMMUNOLOGY GROUP | 1275 YORK AVE | | NEW YORK | NY"
nyc_004,1306096508,"MSKCC CLINICAL PRACTICE PLAN | 1275 YORK AVE | | NEW YORK | NY"
nyc_004,1316368830,"MEMORIAL SLOAN KETTERING CANCER CENTER | 1275 YORK AVE | | NEW YORK | NY"
nyc_004,1336285923,"MEMORIAL SLOAN-KETTERING CANCER CENTER | 1275 YORK AVE | | NEW YORK | NY"
nyc_004,1386834869,"MSKCC | 1275 YORK AVE | | NEW YORK | NY"
nyc_004,1467423020,"MEMORIAL ANESTHESIOLOGY GROUP | 1275 YORK AVE | | NEW YORK | NY"
nyc_004,1467424705,"MEMORIAL CRITICAL CARE GROUP | 1275 YORK AVE | | NEW YORK | NY"
nyc_004,1467768002,"MEMORIAL SLOAN KETTERING CANCER CENTER | 1275 YORK AVE | | NEW YORK | NY"
nyc_004,1497006258,"MEMORIAL SLOAN KETTERING CANCER CENTER | 1275 YORK AVE | | NEW YORK | NY"
nyc_004,1508046764,"MEMORIAL SLOAN-KETTERING CANCER CENTER | 1275 YORK AVE | M1443 | NEW YORK | NY"
nyc_004,1528220340,"MEMORIAL SLOAN-KETTERING CANCER CENTER | 1275 YORK AVE | | NEW YORK | NY"
nyc_004,1538130190,"MEMORIAL NEUROLOGY GROUP | 1275 YORK AVE | | NEW YORK | NY"
nyc_004,1538463278,"MEMORIAL SLOAN KETTERING CANCER CENTER | 1275 YORK AVE | | NEW YORK | NY"
nyc_004,1548517097,"MEMORIAL SLOAN KETTERING CANCER CENTER | 1275 YORK AVE | | NEW YORK | NY"
nyc_004,1558332023,"MEMORIAL ENDOCRINE GROUP | 1275 YORK AVE | | NEW YORK | NY"
nyc_004,1558332189,"MSKCC INTEGRATIVE MEDICINE GROUP | 1275 YORK AVE | | NEW YORK | NY"
nyc_004,1568403996,"MEMORIAL SLOAN KETTERING CANCER CENTER | 1275 YORK AVE RM C164 | | NEW YORK | NY"
nyc_004,1568621548,"MEMORIAL SLOAN KETTERING CANCER CENTER | 1275 YORK AVE | | NEW YORK | NY"
nyc_004,1588789341,"MSKCC CLINICAL PRACTICE PLAN | 1275 YORK AVE | | NEW YORK | NY"
nyc_004,1598942211,"MEMORIAL SLOAN KETTERING CANCER CENTER | 1275 YORK AVE | | NEW YORK | NY"
nyc_004,1609174390,"MEMORIAL SLOAN KETTERING | 1275 YORK AVE | S308 | NEW YORK | NY"
nyc_004,1619948189,"MEMORIAL INFECTIOUS DISEASE GROUP | 1275 YORK AVE | | NEW YORK | NY"
nyc_004,1629049192,"MEMORIAL GASTROENTEROLOGY GROUP | 1275 YORK AVE | | NEW YORK | NY"
nyc_004,1629200035,"MSKCC | 1275 YORK AVE | | NEW YORK | NY"
nyc_004,1639159692,"MSKCC RADIOLOGY GROUP | 1275 YORK AVE | | NEW YORK | NY"
nyc_004,1679544241,"MEMORIAL CARDIOPULMONARY GROUP | 1275 YORK AVE | | NEW YORK | NY"
nyc_004,1689645244,"MEMORIAL PSYCHIATRY GROUP | 1275 YORK AVE | | NEW YORK | NY"
nyc_004,1699737882,"MEMORIAL HOSPITAL FOR CANCER & ALLIED DISEASES | 1275 YORK AVE | | NEW YORK | NY"
nyc_004,1699746172,"MEMORIAL SOLID TUMOR GROUP | 1275 YORK AVE | | NEW YORK | NY"
nyc_004,1699766261,"MSKCC SURGERY GROUP | 1275 YORK AVE | | NEW YORK | NY"
nyc_004,1700035094,"MEMORIAL SLOAN KETTERING CANCER CENTER | 1275 YORK AVE | | NEW YORK | NY"
nyc_004,1700887411,"MEMORIAL HOSPITAL FOR CANCER AND ALLIED DISEASES | 1275 YORK AVE | | NEW YORK | NY"
nyc_004,1710135025,"MEMORIAL SLOAN KETTERING CANCER CENTER | 1275 YORK AVE | DEPT OF PEDIATRICS | NEW YORK | NY"
nyc_004,1710967369,"MEMORIAL PATHOLOGY GROUP | 1275 YORK AVE | | NEW YORK | NY"
nyc_004,1720330616,"MEMORIAL SLOAN KETTERING CANCER CENTER | 1275 YORK AVE | | NEW YORK | NY"
nyc_004,1720466469,"MEMORIAL SLOAN KETTERING CANCER CENTER | 1275 YORK AVE | | NEW YORK | NY"
nyc_004,1750352381,"MEMORIAL PEDIATRIC GROUP | 1275 YORK AVE | | NEW YORK | NY"
nyc_004,1760726582,"MEMORIAL SLOAN-KETTERING CANCER CENTER | 1275 YORK AVE | S722 | NEW YORK | NY"
nyc_004,1770554230,"MEMORIAL CLINICAL NUTRITION GROUP | 1275 YORK AVE | | NEW YORK | NY"
nyc_004,1821255365,"MEMORIAL SLOAN KETTERING CANCER CENTER | 1275 YORK AVE | BOX 435 | NEW YORK | NY"
nyc_004,1831360163,"MEMORIAL SLOAN KETTERING CANCER CENTER | 1275 YORK AVE | 5THE FLR RM 513 | NEW YORK | NY"
nyc_004,1841791647,"MEMORIAL SLOAN KETTERING CANCER CENTER | 1275 YORK AVE | | NEW YORK | NY"
nyc_004,1851344337,"MEMORIAL CLINICAL GENETICS GROUP | 1275 YORK AVE | | NEW YORK | NY"
nyc_004,1861657470,"MEMORIAL SLOAN KETTERING CANCER CENTER | 1275 YORK AVE | | NEW YORK | NY"
nyc_004,1871564344,"MEMORIAL PULMONARY FUNCTION GROUP | 1275 YORK AVE | | NEW YORK | NY"
nyc_004,1891766366,"MEMORIAL HEMATOLOGY LYMPHOMA GROUP | 1275 YORK AVE | | NEW YORK | NY"
nyc_004,1912151127,"MEMORIAL SLOAN-KETTERING CANCER CENTER | 1275 YORK AVE | | NEW YORK | NY"
nyc_004,1912978487,"MEMORIAL DEVELOPMENTAL CHEMO GROUP | 1275 YORK AVE | | NEW YORK | NY"
nyc_004,1922262955,"MEMORIAL SLOAN KETTERING CANCER CENTER | 1275 YORK AVE | | NEW YORK | NY"
nyc_004,1952569360,"MEMORIAL SLOAN KETTERING CANCER CENTER | 1275 YORK AVE | | NEW YORK | NY"
nyc_004,1962851832,"MEMORIAL SLOAN KETTERING CANCER CENTER | 1275 YORK AVE | | NEW YORK | NY"
nyc_004,1972930642,"MEMORIAL SLOAN-KETTERING CANCER CENTER | 1275 YORK AVE | | NEW YORK | NY"
nyc_005,1053614966,"NEW YORK SOCIETY FOR THE RELIEF OF THE RUPTURED AND CRIPPLED MAINTAINI | 535 E 70TH ST | | NEW YORK | NY"
nyc_005,1093143687,"HSS NON PAR PROVIDERS | 535 E 70TH ST | | NEW YORK | NY"
nyc_005,1093969511,"NEW YORK SOCIETY FOR THE RELIEF OF THE RUPTURED AND CRIPPLED MAINTAINI | 535 E 70TH ST | | NEW YORK | NY"
nyc_005,1134139116,"NEW YORK SOCIETY FOR THE RELIEF OF RUPTURED & CRIPPLED MAINTAINING | 535 E 70TH ST | | NEW YORK | NY"
nyc_005,1164087334,"NEW YORK SOCIETY FOR THE RELIEF OF THE RUPTURED & CRIPPLED MAINTAINING | 535 E 70TH ST | | NEW YORK | NY"
nyc_005,1174903959,"NEW YORK SOCIETY FOR THE RELIEF OF THE RUPTURED AND CRIPPLED MAINTAINI | 535 E 70TH ST | | NEW YORK | NY"
nyc_005,1205181120,"HOSPITAL FOR SPECIAL SURGERY- NP | 535 E 70TH ST | ATT: WALTER WENCAK | NEW YORK | NY"
nyc_005,1215317003,"NY SOCIETY FOR THE RELIEF OF THE RUPTURED AND CRIPPLED MAINTAINING THE | 535 E 70TH ST | | NEW YORK | NY"
nyc_005,1225320674,"NY SOCIETY FOR THE RELIEF OF THE RUPTURED AND CRIPPLED MAINTAINING THE | 535 E 70TH ST | | NEW YORK | NY"
nyc_005,1316327109,"NEW YORK SOCIETY FOR THE RELIEF OF THE RUPTURED AND CRIPPLED MAINTAINI | 535 E 70TH ST | | NEW YORK | NY"
nyc_005,1336387588,"NEW YORK SOCIETY FOR RELIEF OF THE RUPTURED AND CRIPPLED MAINTAINING T | 535 E 70TH ST | | NEW YORK | NY"
nyc_005,1396234530,"NEW YORK SOCIETY FOR THE RELIEF OF THE RUPTURED & CRIPPLED MAINTAINING | 535 E 70TH ST | | NEW YORK | NY"
nyc_005,1407086531,"NEW YORK SOCIETY FOR THE RELIEF OF THE RUPTURED AND CRIPPLED MAINTAINI | 535 E 70TH ST | | NEW YORK | NY"
nyc_005,1427496652,"NEW YORK SOCIETY FOR THE RELIEF OF RUPTURED & CRIPPLED MAINTAINING | 535 E 70TH ST | HSS DEPARTMENT OF MEDICINE | NEW YORK | NY"
nyc_005,1467539494,"HOSPITAL FOR SPECIAL SURGERY | 535 E 70TH ST | | NEW YORK | NY"
nyc_005,1477988707,"NEW YORK SOCIETY FOR RELEIF OF THE RUPTURED AND CRIPPLED MAINTAINING | 535 E 70TH ST | | NEW YORK | NY"
nyc_005,1487960738,"NEW YORK SOCIETY FOR THE RELIEF OF THE RUPTURED AND CRIPPLED MAINTAINI | 535 E 70TH ST | | NEW YORK | NY"
nyc_005,1497913529,"HOSPITAL FOR SPECIAL SURGERY | 535 E 70TH ST | | NEW YORK | NY"
nyc_005,1568706778,"NEW YORK SOCIETY FOR THE RELIEF OF THE RUPTURED & CRIPPLED MAINTAINING | 535 E 70TH ST | | NEW YORK | NY"
nyc_005,1588002331,"NEW YORK SOCIETY FOR THE RELIEF OF THE RUPTURED AND CRIPPLED MAINTAINI | 535 E 70TH ST | | NEW YORK | NY"
nyc_005,1598703019,"NEW YORK SOCIETY FOR THE RELIEF OF RUPTURED & CRIPPLED MAINTAINING | 535 E 70TH ST | | NEW YORK | NY"
nyc_005,1609246503,"NEW YORK SOCIETY FOR THE RELIEF OF RUPTURED AND CRIPPLED | 535 E 70TH ST | PHARMACY | NEW YORK | NY"
nyc_005,1659446854,"SPECIAL SURGERY ORTHOPEDICS PC | 535 E 70TH ST | | NEW YORK | NY"
nyc_005,1760880405,"HOSPITAL FOR SPECIAL SURGERY | 535 E 70TH ST | | NEW YORK | NY"
nyc_005,1801132840,"NEW YORK SOCIETY FOR THE RELIEF OF RUPTURED AND CRIPPLED MAINTAIN | 535 E 70TH ST | | NEW YORK | NY"
nyc_005,1801282512,"NEW YORK SOCIETY FOR THE RELIEF OF THE RUPTURED AND CRIPPLED MAINTAINI | 535 E 70TH ST | | NEW YORK | NY"
nyc_005,1811121577,"NEW YORK SOCIETY FOR THE RELIEF OF THE RUPTURED AND CRIPPLED MAINTAINI | 535 E 70TH ST | | NEW YORK | NY"
nyc_005,1821499765,"NEW YORK SOCIETY FOR THE RELIEF OF THE RUPTURED AND CRIPPLED | 535 E 70TH ST | ATTENTION: CATHERINE LEE | NEW YORK | NY"
nyc_005,1902243488,"NY SOCIETY FOR THE RELIEF OF RUPTURED & CRIPPLED MAINTAINING | 535 E 70TH ST | | NEW YORK | NY"
nyc_005,1932388170,"HSS MEDICAL ASSOCIATES | 535 E 70TH ST | | NEW YORK | NY"
nyc_005,1932554458,"NEW YORK SOCIETY FOR THE RELIEF OF RUPTURED AND CRIPPLED MAINTAINING T | 535 E 70TH ST | | NEW YORK | NY"
nyc_005,1942423363,"NEW YORK SOCIETY FOR THE RELIEF OF THE RUPTURED & CRIPPLED MAINTAINING | 535 E 70TH ST | | NEW YORK | NY"
nyc_005,1972931624,"HSS NON PAR PROVIDERS | 535 E 70TH ST | | NEW YORK | NY"
nyc_005,1992946776,"HOSPITAL FOR SPECIAL SURGERY | 535 E 70TH ST | | NEW YORK | NY"
nyc_005,1992958425,"NEW YORK SOCIETY FOR THE RELIEF OF THE RUPTURED AND CRIPPLED MAINTAINI | 535 E 70TH ST | | NEW YORK | NY"
nyc_006,1013414069,"LENOX HILL HOSPITAL | 100 E 77TH ST | | NEW YORK | NY"
nyc_006,1023234911,"LENOX HILL HOSPITAL | 100 E 77TH ST | | NEW YORK | NY"
nyc_006,1023468196,"LENOX HILL HOSPITAL DEPARTMENT OF PHARMACY | 100 E 77TH ST | DEPARTMENT OF PHARMACY | NEW YORK | NY"
nyc_006,1053444372,"LENOX HILL HOSPITAL | 100 E 77TH ST | | NEW YORK | NY"
nyc_006,1154379808,"LH EMERGENCY MEDICAL SERVICES PC | 100 E 77TH ST | | NEW YORK | NY"
nyc_006,1245386630,"LENOX HILL HOSPITAL | 100 E 77TH ST | NCCU | NEW YORK | NY"
nyc_006,1265562938,"LENOX HILL HOSPITAL | 100 E 77TH ST | | NEW YORK | NY"
nyc_006,1316093701,"LENOX HILL HOSPITAL | 100 E 77TH ST | 9 URIS | NEW YORK | NY"
nyc_006,1316147176,"LENOX HILL HOSPITAL | 100 E 77TH ST | | NEW YORK | NY"
nyc_006,1386929958,"LENOX HILL HOSPITAL | 100 E 77TH ST | | NEW YORK | NY"
nyc_006,1427175991,"LENOX HILL HOSPITAL | 100 E 77TH ST | | NEW YORK | NY"
nyc_006,1447256573,"LENOX HILL MEDICAL ANESTHESIOLOGY, PLLC | 100 E 77TH ST | | NEW YORK | NY"
nyc_006,1467869420,"LENOX HILL HOSPITAL | 100 E 77TH ST | | NEW YORK | NY"
nyc_006,1477616571,"LENOX HILL HOSPITAL | 100 E 77TH ST | | NEW YORK | NY"
nyc_006,1487780870,"LENOX HILL CARDIOLOGY ASSOCIATES | 100 E 77TH ST | | NEW YORK | NY"
nyc_006,1508838806,"LENOX HILL PATHOLOGY, PC | 100 E 77TH ST | SUITE 12 | NEW YORK | NY"
nyc_006,1619713716,"LENOX HILL FACULTY MEDICAL AFFILIATES, UNIVERSITY FACULTY PRACTICE COR | 100 E 77TH ST | | NEW YORK | NY"
nyc_006,1639225543,"LENOX HILL HOSPITAL | 100 E 77TH ST | | NEW YORK | NY"
nyc_006,1700059326,"LENOX HILL HOSPTIAL | 100 E 77TH ST | | NEW YORK | NY"
nyc_006,1740364314,"ADVANCED IMAGING & RADIOLOGY OF LENOX HILL HOSPITAL PC | 100 E 77TH ST | | NEW YORK | NY"
nyc_006,1801134226,"LENOX HILL HOSPITAL | 100 E 77TH ST | | NEW YORK | NY"
nyc_006,1962983775,"LENOX HILL MEDICAL ANESTHESIOLOGY, PLLC | 100 E 77TH ST | | NEW YORK | NY"
nyc_007,1922169689,
nyc_008,1033503354,"NORTH SHORE-LIJ HEALTH SYSTEM | 300 COMMUNITY DR | | MANHASSET | NY"
nyc_008,1043647563,"NORTH SHORE LIJ | 300 COMMUNITY DR | | MANHASSET | NY"
nyc_008,1154682185,"INPATIENT MEDICINE SPECIALISTS PC | 300 COMMUNITY DRIVE | NORTH SHORE UNIVERSITY HOSPITAL MANHASSET | MANHASSET | NY"
nyc_008,1164042156,"NORTH SHORE COMPLETE MEDICAL PC | 300 COMMUNITY DR | | MANHASSET | NY"
nyc_008,1205062502,"NORTH SHORE UNIVERSITY HOSPITAL | 300 COMMUNITY DR | VIVO HEALTH PHARMACY AT MANHASSET | MANHASSET | NY"
nyc_008,1245784008,"NORTH SHORE - LIJ MEDICAL GROUP URGENT MEDICAL CARE, PC | 300 COMMUNITY DR | | MANHASSET | NY"
nyc_008,1285928044,"NORTH SHORE UNIVERSITY HOSPITAL | 300 COMMUNITY DR | DEPARTMENT OF RADIOLOGY | MANHASSET | NY"
nyc_008,1366459570,"NORTH SHORE UNIVERSITY HOSPITAL | 300 COMMUNITY DRIVE | | MANHASSET | NY"
nyc_008,1376389312,"NORTH SHORE FACULTY MEDICAL AFFILIATES, UNIVERSITY FACULTY PRACTICE CO | 300 COMMUNITY DR | | MANHASSET | NY"
nyc_008,1417965278,"NORTH SHORE UNIVERSITY HOSPITAL | 300 COMMUNITY DR | | MANHASSET | NY"
nyc_008,1467695023,"NORTH SHORE UNIVERSITY HOSPITAL | 300 COMMUNITY DR | | MANHASSET | NY"
nyc_008,1477863587,"NORTH SHORE- LONG ISLAND JEWISH | 300 COMMUNITY DR | | MANHASSET | NY"
nyc_008,1497084016,"NORTH SHORE UNIVERSITY HOSPITAL | 300 COMMUNITY DR | 4 LEVITT | MANHASSET | NY"
nyc_008,1558107656,"NORTH SHORE FACULTY MEDICAL AFFILIATES, UNIVERSITY FACULTY PRACTICE CO | 300 COMMUNITY DR | | MANHASSET | NY"
nyc_008,1609146174,"NORTH SHORE UNIVERSITY HOSPITAL | 300 COMMUNITY DR | PRE-ADMISSION TESTING | MANHASSET | NY"
nyc_008,1629312293,"NORTH SHORE UNIVERSITY HOSPITAL | 300 COMMUNITY DR | | MANHASSET | NY"
nyc_008,1639333982,"NORTH SHORE UNIVERSITY HOSPITAL | 300 COMMUNITY DR | | MANHASSET | NY"
nyc_008,1942588223,"NORTH-SHORE HOSPITAL | 300 COMMUNITY DR | | MANHASSET | NY"
nyc_008,1942666557,"NORTH SHORE-LIJ MEDICAL GROUP P.C. | 300 COMMUNITY DR | | MANHASSET | NY"
nyc_008,1952317711,"NORTH SHORE UNIVERSITY HOSPITAL | 300 COMMUNITY DR | | MANHASSET | NY"
nyc_009,1467842393,"LONG ISLAND JEWISH MEDICAL CENTER | 7559 263RD STREET @ 74TH AVENUE | | GLEN OAKS | NY"
nyc_009,1740872365,"LONG ISLAND JEWISH MEDICAL CENTER | 7559 263RD ST | | GLEN OAKS | NY"
nyc_009,1841320967,"LONG ISLAND JEWISH MEDICAL CENTER | 7559 263 STREET | LOWENSTEIN PAVILION 140 | GLEN OAKS | NY"
nyc_009,1871024455,"LONG ISLAND JEWISH MEDICAL CENTER | 7559 263RD ST | VIVO HEALTH PHARMACY AT ZUCKER HILLSIDE HOSPITAL | GLEN OAKS | NY"
nyc_009,1881838209,"LIJ/NS HEALTH SYSTEM | 7559 263RD ST | | GLEN OAKS | NY"
nyc_009,1932363660,"NORTH SHORE LONG ISLAND JEWISH HEALTH SYSTEM | 7559 263RD ST | | GLEN OAKS | NY"
nyc_010,1972828564,
nyc_010,1770502635,
nyc_010,1083633036,
nyc_010,1174628473,
nyc_010,1144504044,
nyc_010,1952332801,
nyc_010,1568676880,
nyc_010,1073765566,
nyc_010,1790969269,
nyc_011,1194832477,
nyc_011,1770768202,
nyc_011,1326287566,
nyc_011,1609970011,
nyc_011,1518061928,
nyc_013,1073805990,"SLRHC FACULTY PRACTICE | 1000 10TH AVE | SUITE 10G | NEW YORK | NY"
nyc_013,1093221244,"MOUNT SINAI | 1000 10TH AVE | | NEW YORK | NY"
nyc_013,1104366871,"ICAHN SCHOOL OF MEDICINE AT MOUNT SINAI | 1000 10TH AVE | | NEW YORK | NY"
nyc_013,1104982917,"ST LUKES ROOSEVELT HOSPITAL CENTER | 1000 10TH AVE | ROOSEVELT DIVISION | NEW YORK | NY"
nyc_013,1124550280,"ICAHN SCHOOL OF MEDICINE AT MOUNT SINAI | 1000 10TH AVE | | NEW YORK | NY"
nyc_013,1134184377,"ST LUKES ROOSEVELT HOSPITAL CENTER | 1000 10TH AVE | SUITE 11G | NEW YORK | NY"
nyc_013,1134211717,"ST LUKES ROOSEVELT HOSPITAL CENTER | 1000 10TH AVE | | NEW YORK | NY"
nyc_013,1174508360,"ST LUKES ROOSEVELT HOSPITAL CENTER | PRIMARY 1000 10TH AVENUE, STE 11A-61 | | NEW YORK | NY"
nyc_013,1184893257,"SLRHC FACULTY PRACTICE | 1000 10TH AVE | SUITE 5G-80 | NEW YORK | NY"
nyc_013,1255515375,"SLRHC FACULTY PRACTICE - ORTHOPEDICS | 1000 10TH AVE | | NEW YORK | NY"
nyc_013,1285600106,"ST LUKES ROOSEVELT HOSPITAL CENTER | 1000 10TH AVE STE 10C | | NEW YORK | NY"
nyc_013,1306994173,"SLR DIAGNOSTIC RADIOLOGY, P.C. | 1000 10TH AVE | DEPT OF RADIOLOGY | NEW YORK | NY"
nyc_013,1316265671,"ST. LUKES - ROOSEVELT HOSPITAL | 1000 10TH AVE | | NEW YORK | NY"
nyc_013,1457684235,"SLRHC FACULTY PRACTICE | 1000 10TH AVE | SUITE 4H | NEW YORK | NY"
nyc_013,1497780019,"SAINT LUKES ROOSEVELT HOSPITAL LAB | 1000 10TH AVE | | NEW YORK | NY"
nyc_013,1538313309,"SLRHC FACULTY PRACTICE | 1000 10TH AVE | SUITE 5G-80 | NEW YORK | NY"
nyc_013,1538538152,"ICAHN SCHOOL OF MEDICINE AT MOUNT SINAI | 1000 10TH AVENUE | | NEW YORK | NY"
nyc_013,1558807859,"MOUNT SINAI WEST | 1000 10TH AVE | SUITE 11A | NEW YORK | NY"
nyc_013,1568664928,"SLRHC FACULTY PRACTICE | 1000 10TH AVE | | NEW YORK | NY"
nyc_013,1609476357,"ST. LUKES ROOSEVELT HOSPITAL CENTER | 1000 10TH AVE | | NEW YORK | NY"
nyc_013,1740469246,"ST LUKES ROOSEVELT COMMUNITY CARE | 1000 10TH AVE | | NEW YORK | NY"
nyc_013,1740659390,"ICAHN SCHOOL OF MEDICINE AT MOUNT SINAI | 1000 10TH AVENUE | | NEW YORK | NY"
nyc_013,1740659424,"ICAHN SCHOOL OF MEDICINE AT MOUNT SINAI | 1000 10TH AVENUE | | NEW YORK | NY"
nyc_013,1790116077,"SLRHC FACULTY PRACTICE | 1000 10TH AVE | SUITE 3B 20 | NEW YORK | NY"
nyc_013,1801802137,"SAINT LUKES ROOSEVELT HOSPITAL - PATHOLOGY DEPT | 1000 10TH AVE | | NEW YORK | NY"
nyc_013,1811293301,"OBGYN ASSOCIATES OF ST LUKES ROOSEVELT HOSPITAL | 1000 10TH AVE | | NEW YORK | NY"
nyc_013,1811974330,"DEPARTMENT OF NEUROLOGY PROFESSIONAL SERVICES GROUP/SLRHC | 1000 10TH AVE | SUITE 3B20 | NEW YORK | NY"
nyc_013,1821136979,"ST LUKES ROOSEVELT HOSPITAL CENTER | 1000 10TH AVE | 2T CLINIC | NEW YORK | NY"
nyc_013,1861527731,"WESTSIDE PEDIATRIC ASSOSOATES | 1000 10TH AVE | | NEW YORK | NY"
nyc_013,1861684433,"SLRHC FACULTY PRACTICE | 1000 10TH AVE | | NEW YORK | NY"
nyc_013,1871792101,"ST LUKES ROOSEVELT HOSPITAL | 1000 10TH AVE | | NEW YORK | NY"
nyc_013,1881926426,"ST.LUKES-ROOSEVELT HOSPITAL | 1000 10TH AVE # 2T | | NEW YORK | NY"
nyc_013,1902052392,"SLRHC FACULTY PRACTICE | 1000 10TH AVE | SUIT 11G | NEW YORK | NY"
nyc_013,1902180011,"ST. LUKE'S ROOSEVELT HOSPITAL | 1000 10TH AVE | 3A-02 | NEW YORK | NY"
nyc_013,1922299668,"SLRHC FACULTY PRACTICE NEUROSURGERY IOM/SLR | 1000 10TH AVE | | NEW YORK | NY"
nyc_013,1922411065,"ICAHN SCHOOL OF MEDICINE AT MOUNT SINAI | 1000 10TH AVE | SUITE 10C | NEW YORK | NY"
nyc_013,1922477538,"ICAHN SCHOOL OF MEDICINE AT MOUNT SINAI | 1000 10TH AVENUE | | NEW YORK | NY"
nyc_014,1043413446,"SLRHC FACULTY PRACTICE | 1111 AMSTERDAM AVE | | NEW YORK | NY"
nyc_014,1063671352,"ST.LUKES-ROOSEVELT HOSPITAL CENTER | 1111 AMSTERDAM AVE | C/O OUTPATIENT PHARMACY 3RD FLOOR | NEW YORK | NY"
nyc_014,1124177159,"SLR DIAGNOSTIC RADIOLOGY, P.C. | 1111 AMSTERDAM AVE | DEPT OF RADIOLOGY | NEW YORK | NY"
nyc_014,1124497912,"ICAHN SCHOOL OF MEDICINE AT MOUNT SINAI | 1111 AMSTERDAM AVENUE | | NEW YORK | NY"
nyc_014,1225069149,"SLR DIAGNOSTIC RADIOLOGY, P.C. | 1111 AMSTERDAM AVE | DEPT OF RADIOLOGY | NEW YORK | NY"
nyc_014,1225441710,"ST LUKES HOSPITAL | 1111 AMSTERDAM AVE | | NEW YORK | NY"
nyc_014,1295029346,"ST. LUKE'S ROOSEVELT HOSPITAL CENTER | 1111 AMSTERDAM AVE | | NEW YORK | NY"
nyc_014,1356754824,"ST LUKES HOSPITAL | 1111 AMSTERDAM AVE | | NEW YORK | NY"
nyc_014,1356754857,"ST LUKES HOSPITAL | 1111 AMSTERDAM AVE | | NEW YORK | NY"
nyc_014,1417192311,"ST LUKES ROOSEVELT HOSPITAL CENTER | 1111 AMSTERDAM AVE | | NEW YORK | NY"
nyc_014,1447663943,"ST LUKES HOSPITAL | 1111 AMSTERDAM AVE | | NEW YORK | NY"
nyc_014,1457405896,"SLR OPHTHALMOLOGY ASSOCIATES, PC | 1111 AMSTERDAM AVE | | NEW YORK | NY"
nyc_014,1477958007,"ST LUKES-ROOSEVELT HOSPITAL CENTER | 1111 AMSTERDAM AVENUE | | NEW YORK | NY"
nyc_014,1487996583,"SLRHC FACULTY PRACTICE | 1111 AMSTERDAM AVE | | NEW YORK | NY"
nyc_014,1508001405,"ST. LUKES ROOSEVELT HOSPITAL CENTER | 1111 AMSTERDAM AVENUE | | NEW YORK | NY"
nyc_014,1578610838,"WEST SIDE RADIOLOGY ASSOCIATES, P.C. | 1111 AMSTERDAM AVE | | NEW YORK | NY"
nyc_014,1578765954,"SLRHC FACULTY PRACTICE | 1111 AMSTERDAM AVE | | NEW YORK | NY"
nyc_014,1619745601,"ST LUKES ROOSEVELT HOSPITAL CENTER | 1111 AMSTERDAM AVE | | NEW YORK | NY"
nyc_014,1639127913,"SLR FPP UNIVERSITY MEDICAL PRACTICE ASSOCIATES | 1111 AMSTERDAM AVE | | NEW YORK | NY"
nyc_014,1679221980,"ST LUKES ROOSEVELT HOSPITAL CENTER | 1111 AMSTERDAM AVE | | NEW YORK | NY"
nyc_014,1679952691,"ST.LUKE'S ROOSEVELT HOSPITAL | 1111 AMSTERDAM AVE | | NEW YORK | NY"
nyc_014,1710239025,"SLRHC FACULTY PRACTICE | 1111 AMSTERDAM AVE | | NEW YORK | NY"
nyc_014,1720123243,"ST LUKES-ROOSEVELT HOSPITAL CENTER | 1111 AMSTERDAM AVE | | NEW YORK | NY"
nyc_014,1750336764,"SLR MEDICAL ANESTHESIOLOGY, PC | 1111 AMSTERDAM AVE | | NEW YORK | NY"
nyc_014,1780358234,"MOUNT SINAI MORNINGSIDE HOSPITAL WEIGHT LOSS PROGRAM | 1111 AMSTERDAM AVE # WH1020 | | NEW YORK | NY"
nyc_014,1821789959,"MORNINGSIDE PODIATRY PLLC | 1080 AMSTERDAM AVE APT 101 | | NEW YORK | NY"
nyc_014,1871962738,"ICAHN SCHOOL OF MEDICINE AT MOUNT SINAI | 1111 AMSTERDAM AVENUE | | NEW YORK | NY"
nyc_014,1891900775,"ST. LUKES ROOSEVELT HOSPITAL CENTER | 1111 AMSTERDAM AVE | | NEW YORK | NY"
nyc_014,1922255488,"WESTSIDE ANESTHESIOLOGY PC | 1111 AMSTERDAM AVE | | NEW YORK | NY"
nyc_014,1942433891,"SLRHC FACULTY PRACTICE | 1111 AMSTERDAM AVE | | NEW YORK | NY"
nyc_015,1134405368,"LUTHERAN HOSPTAL | 150 55TH ST | ROOM 3-37 | BROOKLYN | NY"
nyc_015,1154644292,"LUTHERAN MEDICAL CENTER | 150 55TH ST | | BROOKLYN | NY"
nyc_015,1194002121,"LUTHERAN MEDICAL CENTER | 150 55TH ST | | BROOKLYN | NY"
nyc_015,1235233859,"LUTHERAN MEDICAL CENTER | 150 55TH ST | | BROOKLYN | NY"
nyc_015,1245635200,"NYU LUTHERAN MEDICAL CENTER | 150 55TH ST | | BROOKLYN | NY"
nyc_015,1346256104,"LMC PHYSICIAN SERVICES, PC | 150 55TH ST | | BROOKLYN | NY"
nyc_015,1346614443,"NYU LANGONE HOSPITALS | 150 55TH ST | | BROOKLYN | NY"
nyc_015,1427281682,"LMC PHYSICIAN SERVICES, PC | 150 55TH ST | | BROOKLYN | NY"
nyc_015,1427426824,"NYU LUTHERAN | 150 55TH ST | | BROOKLYN | NY"
nyc_015,1437523537,"NYU LANGONE HOSPITALS | 150 55TH ST | | BROOKLYN | NY"
nyc_015,1497043673,"LUTHERAN MEDICAL CENTER | 150, 55TH STREET | LUTHERAN MEDICAL CENTER-DEPARTMENT OF FAMILY MEDICINE | BROOKLYN | NY"
nyc_015,1528013695,"NYU LUTHERAN MEDICAL CENTER | 150 55TH ST | | BROOKLYN | NY"
nyc_015,1528432622,"NYU LANGONE HOSPITALS | 150 55TH ST | | BROOKLYN | NY"
nyc_015,1538111653,"NYU LUTHERAN MEDICAL CENTER | 150 55TH ST | | BROOKLYN | NY"
nyc_015,1558436360,"LUTHERAN MEDICAL CENTER | 150 55TH ST | | BROOKLYN | NY"
nyc_015,1568720738,"BROOKLYN PHYSICIAN SERVICES PC | 150 55TH STREET | LUTHERAN MEDICAL CENTER | BROOKLYN | NY"
nyc_015,1619341716,"NYU LANGONE HOSPITALS | 150 55TH ST | | BROOKLYN | NY"
nyc_015,1649527516,"LUTHERAN MEDICAL CENTER | 150 55TH ST | DENTAL DEPARTMENT | BROOKLYN | NY"
nyc_015,1801991914,"LUTHERAN MEDICAL CENTER | 150 55TH ST | | BROOKLYN | NY"
nyc_015,1811936529,"NYU LUTHERAN MEDICAL CENTER | 150 55TH ST | | BROOKLYN | NY"
nyc_015,1831549559,"NYU LANGONE HOSPITALS | 150 55TH ST | | BROOKLYN | NY"
nyc_015,1891112868,"LUTHERAN MEDICAL CENTER-NES | 150 55TH STREET STATION 3-03 | OFFICE OF EMERGENCY DEPT-- REBECCA TURNER | BROOKLYN | NY"
nyc_015,1982875183,"NYU LUTHERAN MEDICAL CENTER | 150 55TH ST | | BROOKLYN | NY"
nyc_016,1033437363,"WINTHROP UNIVERSITY HOSPITAL | 259 1ST ST | | MINEOLA | NY"
nyc_016,1093752628,"WINTHROP UNIVERSITY HOSPITAL EMERGENCY ROOM PHYSICIANS | 259 1ST ST | | MINEOLA | NY"
nyc_016,1114925567,"NYU LANGONE HOSPITALS | 259 1ST STREET | | MINEOLA | NY"
nyc_016,1114960853,"WINTHROP RADIOLOGY ASSOCIATES PC | 259 1ST ST | RADIOLOGY DEPT | MINEOLA | NY"
nyc_016,1124371091,"WINTHROP HOSPITALIST ASSOCIATES PC | 259 1ST ST | | MINEOLA | NY"
nyc_016,1134460249,"WINTHROP FIRST CARE MEDICAL SERVICES PC | 259 1ST ST | | MINEOLA | NY"
nyc_016,1174781900,"WINTHROP UNIVERSITY HOSPITAL | 259 1ST ST | | MINEOLA | NY"
nyc_016,1174907547,"WINTHROP FACULTY MEDICAL AFFILIATES UNIVERSITY FACULTY PRACTICE CORP | 259 1ST ST | | MINEOLA | NY"
nyc_016,1245649466,"WINTHROP-UNIVERSITY HOSPITAL PHARMACY DEPT | 259 1ST ST | | MINEOLA | NY"
nyc_016,1316216542,"WINTHROP UNIVERSITY HOSPITAL ASSOCIATION | 259 1ST ST | DEPARTMENT OF RADIOLOGY | MINEOLA | NY"
nyc_016,1326081605,"WINTHROP UNIVERSITY HOSPITAL EEG | 259 1ST ST | | MINEOLA | NY"
nyc_016,1386924439,"WINTHROP FACULTY MEDICAL AFFILIATES UNIVERSITY FACULTY PRACTICE CORPOR | 259 1ST ST | | MINEOLA | NY"
nyc_016,1386929867,"WINTHROP UNIVERSITY HOSPITAL | 259 FIRST STREET | | MINEOLA | NY"
nyc_016,1427616002,"NYU LANGONE HOSPITALS | 259 1ST ST | | MINEOLA | NY"
nyc_016,1447564034,"WINTHROP UNIVERSITY HOSPITAL | 259 1ST ST | | MINEOLA | NY"
nyc_016,1477913069,"WINTHROP FACULTY MEDICAL AFFILIATES UNIVERSITY FACULTY PRACTICE CORPOR | 259 1ST ST | | MINEOLA | NY"
nyc_016,1629011911,"WINTHROP UNIVERSITY HOSPITAL EKG | 259 1ST ST | | MINEOLA | NY"
nyc_016,1699933432,"WINTHROP UNIVERSITY HOSPITAL | 259 1ST ST | PEDIATRIC DEPARTMENT | MINEOLA | NY"
nyc_016,1861435141,"WINTHROP UNIVERSITY HOSPITAL PA/NP SERVICES | 259 1ST ST | | MINEOLA | NY"
nyc_016,1891954939,"WINTHROP UNIVERSITY HOSPITAL | 259 1ST ST | | MINEOLA | NY"
nyc_016,1952578577,"WINTHROP UNIVERSITY HOSPITAL | 259 1ST ST | 3 MAIN-NEURO PA OFFICE | MINEOLA | NY"
nyc_016,1952663379,"WINTHROP UNIVERSITY HOSPITAL | 259 1ST ST | | MINEOLA | NY"
nyc_017,1063894822,"NEW YORK PRESBYTERIAN HOSPITAL | 5141 BROADWAY | | NEW YORK | NY"
nyc_017,1194942201,"NEW YORK PRESBYTERIAN HOSPITAL | 5141 BROADWAY | | NEW YORK | NY"
nyc_017,1396921839,"NEW YORK PRESBYTERIAN MEDICAL CENTER | 5141 BROADWAY | | NEW YORK | NY"
nyc_017,1457498834,"NEW YORK-PRESBYTERIAN HOSPITAL | 5141 BROADWAY | RM 2-095 | NEW YORK | NY"
nyc_017,1922406628,"TRUSTEES OF COLUMBIA UNIVERSITY IN THE CITY OF NEW YORK | 5141 BROADWAY | 3RD FLOOR | NEW YORK | NY"
nyc_018,1003830589,"DOWNTOWN NUCLEAR CARDIOLOGY, P.C. | 170 WILLIAM ST | SUITE 814 | NEW YORK | NY"
nyc_018,1053413989,"NEW YORK DOWNTOWN HOSPITAL | 170 WILLIAM ST | | NEW YORK | NY"
nyc_018,1083778831,"NEW YORK DOWNTOWN HOSPITAL | 170 WILLIAM ST | 3RD FL | NEW YORK | NY"
nyc_018,1144669862,"NY PRESBYTERIAN HOSPITAL | 170 WILLIAM ST | | NEW YORK | NY"
nyc_018,1174861322,"NEW YORK DOWNTOWN HOSPITAL | 170 WILLIAM ST | DEPT. OF OB/GYN | NEW YORK | NY"
nyc_018,1396780581,"NY DOWNTOWN FACULTY PRACTICE OPD | 170 WILLIAM ST | | NEW YORK | NY"
nyc_018,1427095652,"NEW YORK DOWNTOWN MEDICAL ASSOCIATES | 170 WILLIAM ST | | NEW YORK | NY"
nyc_018,1457417701,"NEW YORK DOWNTOWN PEDIATRICS | 170 WILLIAM ST | | NEW YORK | NY"
nyc_018,1497778476,"BEEKMAN MEDICAL SPECIALTY ASSOCIATES, P.C. | 170 WILLIAM ST | SUITE 814 | NEW YORK | NY"
nyc_018,1629036751,"NEW YORK DOWNTOWN HOSPITAL FPP | 170 WILLIAM ST | NEW YORK DOWNTOWN HOSPITAL | NEW YORK | NY"
nyc_018,1699921494,"NY DOWNTOWN HOSPITAL RADIOLOGY FACULTY PRACTICE | 170 WILLIAM ST | RADIOLOGY | NEW YORK | NY"
nyc_018,1821437906,"NEW YORK DOWNTOWN HOSPITAL | 170 WILLIAM ST | | NEW YORK | NY"
nyc_018,1841446390,"NY DOWNTOWN HOSPITAL | 170 WILLIAM ST | OB/GYN MOMS | NEW YORK | NY"
nyc_018,1891903258,"NEW YORK DOWNTOWN PATHOLOGY | 170 WILLIAM ST # 706 | | NEW YORK | NY"
nyc_018,1902961816,"NEW YORK DOWNTOWN HOSPITAL | 170 WILLIAM ST | | NEW YORK | NY"
nyc_018,1902963465,"NY DOWNTOWN OB GYN ASSOCIATES | 170 WILLIAM ST FL 5 | | NEW YORK | NY"
nyc_019,1275632895,"NYU LANGONE HOSPITALS | 301 E 17TH ST | | NEW YORK | NY"
nyc_019,1326201575,"HOSPITAL FOR JOINT DISEASES NYU LAGONE MEDICAL CENTER | 301 E 17TH ST | | NEW YORK | NY"
nyc_019,1336442862,"NEW YORK UNIVERSITY | 301 E 17TH ST | | NEW YORK | NY"
nyc_019,1518314400,"NYU-HOSPITAL FOR JOINT DISEASES | 301 E 17TH ST | | NEW YORK | NY"
nyc_019,1659127082,"NYU LANGONE HOSPITALS | 301 EAST 17TH | | NEW YORK | NY"
nyc_019,1669578324,"NYU LANGONE HOSPITALS | 301 E 17TH ST | | NEW YORK | NY"
nyc_019,1710040787,"NYU HOSPITAL FOR JIONT DISEASES | 301 E 17TH ST | | NEW YORK | NY"
nyc_019,1710132790,"NEW YORK UNIVERSITY | 301 E 17TH ST | SUITE 544 | NEW YORK | NY"
nyc_019,1730417353,"NEW YORK UNIVERSITY | 301 E 17TH ST | | NEW YORK | NY"
nyc_019,1912220153,"NYU HOSPITAL FOR JOINT DISEASES | 300 E 17TH ST | | NEW YORK | NY"
nyc_019,1942450804,"NEW YORK UNIVERSITY | 301 E 17TH ST | 10TH FL | NEW YORK | NY"



sf_002,1871543215,
sf_002,1265581086,
sf_002,1982753711,
sf_002,1174698468,
sf_002,1568595080,
sf_005,1467442749,
sf_005,1073998647,
sf_005,1164898961,
sf_005,1447313770,
sf_006,1740215219,
sf_006,1699099937,
sf_006,1447269303,
sf_007,1720126717,
sf_007,1801821376,
sf_007,1841687787,
sf_007,1164799391,
sf_007,1760602726,
sf_009,1043670334,
sf_010,1235253816,
sf_010,1316061997,
sf_010,1780708362,
sf_010,1861511206,
sf_012,1659439834,
sf_012,1396813523,
sf_013,1740348929,
sf_014,1174667158,
sf_014,1952445959,
sf_014,1235278763,
atl_001,1053869578,"EMORY UNIVERSITY HOSPITAL | 1364 CLIFTON RD NE | | ATLANTA | GA"
atl_001,1780861419,"EMORY UNIVERSITY | 1364 CLIFTON RD NE | DEPARTMENT OF PATHOLOGY G159 | ATLANTA | GA"
atl_001,1871771923,"EMORY UNIVERSITY HOSPITAL | 1364 CLIFTON RD NE | H120 EMORY HOSPITAL | ATLANTA | GA"
atl_001,1396923710,"EMORY UNIVERSITY HOSPITAL | 1364 CLIFTON RD NE | H120 EMORY HOSPITAL | ATLANTA | GA"
atl_001,1710144019,"EMORY UNIVERSITH HOSPITAL | 1364 CLIFTON RD NE | INTERVENTIONAL RADIOLOGY | ATLANTA | GA"
atl_001,1588640692,"EMORY UNIVERSITY | 1364 CLIFTON RD NE | | ATLANTA | GA"
atl_001,1356328199,"EMORY UNIVERSITY | 1364 CLIFTON RD NE | | ATLANTA | GA"
atl_001,1437136918,"EMORY UNIVERSITY | 1364 CLIFTON RD NE | | ATLANTA | GA"
atl_001,1366867830,"EMORY UNIVERSITY HOSPITAL | 1364 CLIFTON RD NE | SOCIAL SERVICES DEPARTMENT | ATLANTA | GA"
atl_001,1669618732,"EMORY HEALTHCARE | 1364 CLIFTON RD NE | HB33 | ATLANTA | GA"
atl_001,1417194184,"EMORY UNIVERSITY HOSPITAL | 1364 CLIFTON RD NE | | ATLANTA | GA"
atl_001,1740689496,"EMORY HEALTHCARE | 1364 CLIFTON RD NE | | ATLANTA | GA"
atl_001,1417157405,"EMORY HEALTHCARE | 1364 CLIFTON RD NE | HOSPITAL MEDICINE BOX M7 | ATLANTA | GA"
atl_001,1235339227,"EMORY HEALTHCARE | 1364 CLIFTON RD NE | HOSPITAL MEDICINE BOX M7 | ATLANTA | GA"
atl_001,1508066598,"EMORY HEALTHCARE | 1364 CLIFTON RD NE | HOSPITAL MEDICINE BOX M7 | ATLANTA | GA"
atl_001,1891907184,"EMORY UNIVERSITY | 1364 CLIFTON RD NE | DEPT OF ANESTHESIOLOGY, EUH 3RD FLOOR | ATLANTA | GA"
atl_001,1154643336,"EMORY HEALTHCARE | 1364 CLIFTON RD NE | | ATLANTA | GA"
atl_002,1598794729,"THE EMORY CLINIC INC | 550 PEACHTREE ST | | ATLANTA | GA"
atl_002,1932830668,"EMORY UNIVERSITY HOSPITAL MIDTOWN | 550 PEACHTREE ST NE | | ATLANTA | GA"
atl_002,1972056364,"EMORY UNIVERSITY HOSPITAL MIDTOWN | 550 PEACHTREE ST NE | | ATLANTA | GA"
atl_002,1700219045,"EMORY UNIVERSITY HOSPITAL | 550 PEACHTREE ST NE | 3RD FLOOR, ROOM 3304 | ATLANTA | GA"
atl_002,1205360450,"EMORY HEALTHCARE, INC | 550 PEACHTREE ST NE | | ATLANTA | GA"
atl_002,1992018345,"EMORY HEALTHCARE | 550 PEACHTREE ST NE | | ATLANTA | GA"
atl_002,1275846628,"THE EMORY CLINIC, INC | 550 PEACHTREE ST NE | | ATLANTA | GA"
atl_003,1336961119,"GRADY MEMORIAL HOSPITAL CORPORATION | 80 JESSE HILL JR DR SE UNIT 12 CD | | ATLANTA | GA"
atl_003,1699737445,"GRADY HEALTH SYSTEM | 80 JESSE HILL JR DRIVE | HUGHES SPALDING CHILDREN'S HOSPITAL | ATLANTA | GA"
atl_003,1366400723,"GRADY HEALTH SYSTEM | 80 JESSE HILL JR DR SE | | ATLANTA | GA"
atl_003,1891966578,"GRADY MEMORIAL HOSPITAL CORPORATION | 80 JESSE HILL JR DRIVE SE | BOX 26042 | ATLANTA | GA"
atl_003,1942578398,"GRADY MEMORIAL HOSPITAL | 80 JESSE HILL JR DR SE | | ATLANTA | GA"
atl_003,1972826766,"GRADY MEMORIAL HOSPITAL CORPORATION | 80 JESSE HILL JR DR SE | RM GD032 | ATLANTA | GA"
atl_003,1063726339,"GRADY MEMORIAL HOSPITAL CORPORATION | 80 JESSE HILL JR DR SE | BOX 26042 | ATLANTA | GA"
atl_003,1992799050,"GRADY MEMORIAL HOSPITAL CORPORATION | 80 JESSE HILL JR DR, SE | | ATLANTA | GA"
atl_003,1114243813,"GRADY MEMORIAL HOSPITAL CORPORATION | 80 JESSE HILL JR DR SE | BOX 26019 | ATLANTA | GA"
atl_003,1629297478,"GRADY MEMORIAL HOSPITAL CORPORATION | 80 JESSE HILL JR DR, SE | | ATLANTA | GA"
atl_003,1295015279,"GRADY HEALTH SYSTEM | 80 JESSE HILL JR DR SE | | ATLANTA | GA"
atl_003,1710139688,"GRADY HOSPITAL | 80 JESSE HILL JR DR SE | ANESTHESIOLOGY DEPARTMENT P.O. 26-074 | ATLANTA | GA"
atl_003,1356594188,"GRADY HEALTH SYSTEM | 80 JESSE HILL JR DR SE | CHIEF ANESTHETIST-PO 26-074 | ATLANTA | GA"
atl_003,1578611638,"GRADY MEMORIAL HOSPITAL CORPORATION | 80 JESSE HILL JR DR SE | | ATLANTA | GA"
atl_004,1639178213,"NORTHSIDE HOSPITAL HOMECARE PHARMACY | 1000 JOHNSON FERRY RD NE | HOMECARE PHARMACY | ATLANTA | GA"
atl_004,1063434272,"NORTHSIDE RADIATION ONCOLOGY PC | 1000 JOHNSON FERRY RD NE | NORTHSIDE HOSPITAL CANCER CENTER | ATLANTA | GA"
atl_004,1083600308,"NORTHSIDE ANESTHESIOLOGY CONSULTANTS, LLC | 1000 JOHNSON FERRY RD NE | | ATLANTA | GA"
atl_004,1699228643,"NORTHSIDE ANESTHESIOLOGY CONSULTANTS | 1000 JOHNSON FERRY RD | | ATLANTA | GA"
atl_004,1356630990,"NORTHSIDE SURGICAL PROFESSIONAL SERVICES LLC | 1000 JOHNSON FERRY RD NE | | ATLANTA | GA"
atl_004,1922397553,"NORTHSIDE PRIMARY CARE PROFESSIONAL SERVICES,LLC | 1000 JOHNSON FERRY RD NE | | ATLANTA | GA"
atl_004,1285686303,"NORTHSIDE EMERGENCY ASSOCIATES, P.C. | 1000 JOHNSON FERRY RD | | ATLANTA | GA"
atl_004,1013960657,"NORTHSIDE RADIOLOGY ASSOCIATES LLC | 1000 JOHNSON FERRY RD | | ATLANTA | GA"
atl_004,1215098405,"NORTHSIDE HOSPITAL, INC. | 1000 JOHNSON FERRY ROAD | | ATLANTA | GA"
atl_005,1962461681,"PIEDMONT HOSPITAL, INC | 1968 PEACHTREE RD NW | | ATLANTA | GA"
atl_005,1447219225,"PEACHTREE PIEDMONT PATHOLOGY PC | 1968 PEACHTREE RD NW | PATHOLOGY DEPT | ATLANTA | GA"
atl_005,1932477429,"PIEDMONT ED PROFESSIONALS, LLC | 1968 PEACHTREE RD NW | | ATLANTA | GA"
atl_006,1649248626,"KENNESTONE HOSPITAL, INC. | 677 CHURCH ST NE | | MARIETTA | GA"
atl_006,1669817995,"WELLSTAR MEDICAL GROUP, LLC | 677 CHURCH ST NE | | MARIETTA | GA"
atl_006,1629025754,"WELLSTAR PHYSICIANS GROUP HOSPITALISTS, LLC | 677 CHURCH ST NE | BOX 111 | MARIETTA | GA"
atl_006,1578553343,"KENNESTONE HOSPITAL, INC | 677 CHURCH ST NE | INPATIENT REHAB UNIT/6 WEST | MARIETTA | GA"
atl_006,1609161397,"WELLSTAR MEDICAL GROUP, LLC | 677 CHURCH ST NE | BOX 111 | MARIETTA | GA"
atl_006,1396033692,"WELLSTAR MEDICAL GROUP, LLC | 677 CHURCH ST NE | | MARIETTA | GA"
atl_006,1083027320,"WELLSTAR MEDICAL GROUP, LLC | 677 CHURCH ST NE | | MARIETTA | GA"
atl_006,1437458171,"KENNESTONE HOSPITAL INC | 677 CHURCH ST NE | | MARIETTA | GA"
atl_006,1689967697,"WELLSTAR MEDICAL GROUP, LLC | 677 CHURCH ST NE | | MARIETTA | GA"
atl_006,1720471931,"WELLSTAR MEDICAL GROUP, LLC | 677 CHURCH ST NE | SUITE 100 P | MARIETTA | GA"
atl_006,1083880744,"WELLSTAR NEUROPSYCHOLOGY, LLC | 677 CHURCH ST NE | | MARIETTA | GA"
atl_007,1811041452,"EGLESTON PEDIATRIC GROUP | 1405 CLIFTON RD NE | | ATLANTA | GA"
atl_007,1437203098,"CHILDREN'S ANESTHESIA SERVICES, LLC | 1405 CLIFTON RD NE | | ATLANTA | GA"
atl_007,1740334291,"CHILDREN'S SEDATION SERVICES, LLC | 1405 CLIFTON RD NE | | ATLANTA | GA"
atl_007,1558416701,"EGLESTON CHILDREN'S HOSPITAL AT EMORY UNIVERSITY, INC. | 1405 CLIFTON RD NE | | ATLANTA | GA"
atl_007,1437493467,"CHOA MULTISPECIALTY, LLC | 1405 CLIFTON RD NE | | ATLANTA | GA"
atl_007,1457695488,"CHOA HOSPITAL BASED, LLC | 1405 CLIFTON RD NE | | ATLANTA | GA"
atl_007,1932446846,"CHILDREN'S HEALTHCARE OF ATLANTA | 1405 CLIFTON RD NE | | ATLANTA | GA"
atl_008,1043437338,"PEDIATRIC SEDATION SERVICES, LLC | 1001 JOHNSON FERRY RD NE | | ATLANTA | GA"
atl_008,1184779332,"SCOTTISH RITE CHILDREN'S MEDICAL CENTER | 1001 JOHNSON FERRY RD NE | | ATLANTA | GA"
atl_008,1417113077,"CHILDREN'S HEALTHCARE OF ATLANTA | 1001 JOHNSON FERRY RD NE | | ATLANTA | GA"
atl_008,1972555662,"CHILDREN'S DIAGNOSTIC IMAGING OF ATLANTA | 1001 JOHNSON FERRY RD NE | | ATLANTA | GA"
atl_008,1922178789,"SCOTTISH RITE CHILDRENS MEDICAL CTR | 1001 JOHNSON FERRY RD NE | | ATLANTA | GA"
atl_008,1073886370,"CHILDRENS ANESTHESIA SERVICES LLC | 1001 JOHNSON FERRY RD NE | | ATLANTA | GA"
phx_001,1154392231,"MAYO CLINIC ARIZONA | 5777 E MAYO BLVD | | PHOENIX | AZ"
phx_001,1902877855,"MAYO CLINIC ARIZONA | 5777 E MAYO BLVD | | PHOENIX | AZ"
phx_002,1013627967,"BANNER - UNIVERSITY HOSPITAL BASED PHYSICIANS LLC | 1111 E MCDOWELL RD | | PHOENIX | AZ"
phx_002,1023327137,"BANNER HEALTH | 1111 E MCDOWELL RD | | PHOENIX | AZ"
phx_002,1023728979,"BANNER - UNIVERSITY HOSPITAL BASED PHYSICIANS LLC | 1111 E MCDOWELL RD | | PHOENIX | AZ"
phx_002,1083324941,"BANNER - UNIVERSITY HOSPITAL BASED PHYSICIANS LLC | 1111 E MCDOWELL RD | | PHOENIX | AZ"
phx_002,1124077755,"BANNER IMAGING ASSOCIATES PLC | 1111 E MCDOWELL RD | | PHOENIX | AZ"
phx_002,1144930082,"BANNER - UNIVERSITY HOSPITAL BASED PHYSICIANS LLC | 1111 E MCDOWELL RD | | PHOENIX | AZ"
phx_002,1174233035,"BANNER - UNIVERSITY HOSPITAL BASED PHYSICIANS LLC | 1111 E MCDOWELL RD | | PHOENIX | AZ"
phx_002,1184094906,"BANNER -- UNIVERSITY DENTAL SERVICES LLC | 1111 E MCDOWELL RD | | PHOENIX | AZ"
phx_002,1184316242,"BANNER - UNIVERSITY HOSPITAL BASED PHYSICIANS LLC | 1111 E MCDOWELL RD | | PHOENIX | AZ"
phx_002,1275243131,"BANNER - UNIVERSITY HOSPITAL BASED PHYSICIANS LLC | 1111 E MCDOWELL RD | | PHOENIX | AZ"
phx_002,1295790384,"BRIGHAM ANESTHESIA SPECIALISTS LTD | 1111 E MCDOWELL ROAD | BANNER GOOD SAMARITAN REGIONAL MEDICAL CENTER | PHOENIX | AZ"
phx_002,1306899356,"BANNER -- UNIVERSITY MEDICAL CENTER PHOENIX CAMPUS CRITICAL CARE | 1111 E MCDOWELL RD | | PHOENIX | AZ"
phx_002,1316368459,"BANNER PHARMACY SERVICES LLC | 1111 E MCDOWELL RD | | PHOENIX | AZ"
phx_002,1396055349,"BANNER FAMILY PHARMACY | 1111 E MCDOWELL RD | | PHOENIX | AZ"
phx_002,1407883747,"BANNER BLOOD AND MARROW TRANSPLANT PROGRAM | 1111 E MCDOWELL RD | | PHOENIX | AZ"
phx_002,1417001728,"BANNER -- UNIVERSITY MEDICAL CENTER PHOENIX CAMPUS | 1111 E MCDOWELL RD | | PHOENIX | AZ"
phx_002,1427768381,"BANNER - UNIVERSITY HOSPITAL BASED PHYSICIANS LLC | 1111 E MCDOWELL RD | | PHOENIX | AZ"
phx_002,1457061319,"BANNER - UNIVERSITY HOSPITAL BASED PHYSICIANS LLC | 1111 E MCDOWELL RD | | PHOENIX | AZ"
phx_002,1467162321,"BANNER - UNIVERSITY HOSPITAL BASED PHYSICIANS LLC | 1111 E MCDOWELL RD | | PHOENIX | AZ"
phx_002,1518677459,"BANNER - UNIVERSITY HOSPITAL BASED PHYSICIANS LLC | 1111 E MCDOWELL RD | | PHOENIX | AZ"
phx_002,1528265527,"BANNER - UNIVERSITY MEDICAL CENTER PHOENIX CAMPUS SURGICAL SPECIALISTS | 1111 E MCDOWELL RD | | PHOENIX | AZ"
phx_002,1528778479,"BANNER - UNIVERSITY HOSPITAL BASED PHYSICIANS LLC | 1111 E MCDOWELL RD | | PHOENIX | AZ"
phx_002,1538879481,"BANNER - UNIVERSITY HOSPITAL BASED PHYSICIANS LLC | 1111 E MCDOWELL RD | | PHOENIX | AZ"
phx_002,1538879499,"BANNER - UNIVERSITY HOSPITAL BASED PHYSICIANS LLC | 1111 E MCDOWELL RD | | PHOENIX | AZ"
phx_002,1558071415,"BANNER - UNIVERSITY HOSPITAL BASED PHYSICIANS LLC | 1111 E MCDOWELL RD | | PHOENIX | AZ"
phx_002,1598475444,"BANNER - UNIVERSITY HOSPITAL BASED PHYSICIANS LLC | 1111 E MCDOWELL RD | | PHOENIX | AZ"
phx_002,1598867996,"BANNER HEALTH | 1111 E MCDOWELL RD | | PHOENIX | AZ"
phx_002,1629122171,"BANNER - UNIVERSITY MEDICAL CENTER PHOENIX | 1111 E MCDOWELL RD | | PHOENIX | AZ"
phx_002,1649223686,"BANNER-UNIVERSITY MEDICAL CENTER PHX CAMPUS MULTISPECIALTY SERVICES | 1111 E MCDOWELL RD | | PHOENIX | AZ"
phx_002,1700208097,"BANNER PHARMACY SERVICES LLC | 1111 E MCDOWELL RD | | PHOENIX | AZ"
phx_002,1700596665,"BANNER - UNIVERSITY HOSPITAL BASED PHYSICIANS LLC | 1111 E MCDOWELL RD | | PHOENIX | AZ"
phx_002,1730899691,"BANNER - UNIVERSITY HOSPITAL BASED PHYSICIANS LLC | 1111 E MCDOWELL RD | | PHOENIX | AZ"
phx_002,1770008922,"BANNER PHOENIX SURGERY CENTER LLC | 1111 E MCDOWELL RD STE B | | PHOENIX | AZ"
phx_002,1770953598,"BANNER MEDICAL GROUP DENTAL SERVICES LLC | 1111 E MCDOWELL RD | | PHOENIX | AZ"
phx_002,1841224870,"BANNER - UNIVERSITY MEDICAL CENTER PHOENIX | 1111 E MCDOWELL RD | | PHOENIX | AZ"
phx_002,1851001705,"BANNER - UNIVERSITY HOSPITAL BASED PHYSICIANS LLC | 1111 E MCDOWELL RD | | PHOENIX | AZ"
phx_002,1881913200,"BANNER GOOD SAMARITAN MEDICAL CENTER | 1111 E MCDOWELL RD | | PHOENIX | AZ"
phx_002,1891405759,"BANNER - UNIVERSITY HOSPITAL BASED PHYSICIANS LLC | 1111 E MCDOWELL RD | | PHOENIX | AZ"
phx_002,1972213809,"BANNER - UNIVERSITY HOSPITAL BASED PHYSICIANS LLC | 1111 E MCDOWELL RD | | PHOENIX | AZ"
phx_002,1992497051,"BANNER - UNIVERSITY HOSPITAL BASED PHYSICIANS LLC | 1111 E MCDOWELL RD | | PHOENIX | AZ"
phx_003,1144699760,"BANNER PHARMACY SERVICES LLC | 1501 N CAMPBELL AVE | | TUCSON | AZ"
phx_003,1275921082,"BANNER -- UNIVERSITY MEDICAL CENTER TUCSON CAMPUS LLC | 1501 N CAMPBELL AVE | | TUCSON | AZ"
phx_003,1417417221,"BANNER - UNIVERSITY MEDICAL CENTER TUCSON CAMPUS LLC | 1501 N CAMPBELL AVE RM 6604 | | TUCSON | AZ"
phx_003,1588614911,"BANNER - UNIVERSITY MEDICAL CENTER TUCSON CAMPUS LLC | 1501 N CAMPBELL AVE | | TUCSON | AZ"
phx_003,1811359722,"BANNER UNIVERSITY MEDICAL CENTER TUCSON | 1501 N CAMPBELL AVE | ROOM 4303 | TUCSON | AZ"
phx_004,1154015089,"EMPOWER ST JOSEPHS PLLC | 350 W THOMAS RD | | PHOENIX | AZ"
phx_004,1255382412,"ST. JOSEPH'S HOSPITAL AND MEDICAL CENTER | 350 W THOMAS RD | | PHOENIX | AZ"
phx_004,1265407738,"ST JOSEPHS PATHOLOGY | 350 W THOMAS RD | | PHOENIX | AZ"
phx_004,1730112830,"EMPOWER EMERGENCY PHYSICIANS, PC | 350 W THOMAS RD | ST. JOSEPH'S HOSPITAL & MEDICAL CENTER, EMERGENCY DEPT. | PHOENIX | AZ"
phx_004,1851568687,"DIGNITY HEALTH | 350 W THOMAS RD | | PHOENIX | AZ"
phx_004,1982733655,"DIGNITY HEALTH | 350 W THOMAS RD | | PHOENIX | AZ"
phx_005,1023475506,"PHOENIX CHILDREN'S HOSPITAL | 1919 E THOMAS RD | | PHOENIX | AZ"
phx_005,1033453733,"PHOENIX CHILDREN'S HOSPITAL, INC. | 1919 E THOMAS RD | | PHOENIX | AZ"
phx_005,1225527963,"PHOENIX CHILDRENS HOSPITAL | 1919 E THOMAS RD | | PHOENIX | AZ"
phx_005,1386749836,"PHOENIX CHILDREN'S HOSPITAL HOPE | 1919 E THOMAS RD | | PHOENIX | AZ"
phx_005,1629040449,"CHILDRENS CRITICAL CARE ASSOCIATES, P.C. | 1919 E THOMAS RD | SUITE 1891 | PHOENIX | AZ"
phx_005,1699000802,"PHOENIX CHILDRENS HOSPITAL MARICOPA MEDICAL CENTER PEDIATRIC RESIDENCY | 1919 E THOMAS RD | | PHOENIX | AZ"
phx_005,1720196215,"RADIOLOGY CONSULTANTS PLLC | 1919 E THOMAS RD | PHOENIX CHILDRENS HOSP | PHOENIX | AZ"
phx_005,1760480503,"PHOENIX CHILDREN'S HOSPITAL | 1919 E THOMAS RD | | PHOENIX | AZ"
phx_005,1841586773,"PHOENIX CHILDREN'S HOSPITAL | 1919 E THOMAS RD | | PHOENIX | AZ"
phx_005,1902478605,"PHOENIX CHILDREN'S HOSPITAL | 1919 E THOMAS RD BLDG FLOOR4 | | PHOENIX | AZ"
phx_005,1922112044,"PHOENIX CHILDREN'S HOSPITAL | 1919 E THOMAS RD | | PHOENIX | AZ"
phx_007,1275566200,"BANNER ESTRELLA MEDICAL CENTER | 9201 W THOMAS RD | | PHOENIX | AZ"
phx_007,1467873596,"BANNER PHARMACY SERVICES LLC | 9201 W THOMAS RD | | PHOENIX | AZ"
phx_007,1881952455,"BANNER ESTRELLA MEDICAL CENTER | 9201 W THOMAS RD | | PHOENIX | AZ"
phx_007,1972939882,"BANNER FAMILY PHARMACY | 9201 W THOMAS RD | | PHOENIX | AZ"
chi_001,1053417295,"NORTHWESTERN MEMORIAL HOSPITAL | 251 E HURON ST | | CHICAGO | IL"
chi_001,1497859649,"NORTHWESTERN MEMORIAL HOSPITAL | 251 E HURON ST | | CHICAGO | IL"
chi_001,1508036278,"MCGAW MEDICAL CENTER OF NORTHWESTERN UNIVERSITY | 251 E HURON ST | GALTER PAVILION, SUITE 3-150 | CHICAGO | IL"
chi_001,1578672895,"NORTHWESTERN MEMORIAL HOSPITAL | 251 E HURON ST | GALTER 8-138 | CHICAGO | IL"
chi_001,1598028938,"NORTHWESTERN MEMORIAL HOSPITAL | 251 E HURON ST | | CHICAGO | IL"
chi_001,1649573312,"NORTHWESTERN MEMORIAL HOSPITAL | 251 E HURON ST # F5-704 | | CHICAGO | IL"
chi_001,1760759609,"NORTHWESTERN MEMORIAL HOSPITAL | 251 E HURON ST | | CHICAGO | IL"
chi_001,1780833657,"NORTHWESTERN | 251 E HURON ST | | CHICAGO | IL"
chi_001,1831164052,"NORTHWESTERN RADIOLOGY ONCOLOGY ASSOC | 251 E HURON ST | GALTER PAVILLION | CHICAGO | IL"
chi_001,1831298926,"NORTHWESTERN MEMORIAL HOSPITAL | 251 E HURON ST | | CHICAGO | IL"
chi_001,1861609208,"NORTHWESTERN MEMORIAL HOSPITAL | 251 E HURON ST | FEINBERG 4-508 | CHICAGO | IL"
chi_001,1861787939,"MCGAW MEDICAL CENTER OF NORTHWESTERN UNIVERSITY | 251 E HURON ST | GALTER 3-150 | CHICAGO | IL"
chi_001,1912283268,"NORTHWESTERN MEMORIAL HOSPITAL | 251 E HURON ST | | CHICAGO | IL"
chi_002,1003890534,"UNIVERSITY PATHOLOGISTS P C | 1653 W CONGRESS PKWY | | CHICAGO | IL"
chi_002,1013082338,"RUSH UNIVERSITY MEDICAL CENTER | 1653 W CONGRESS PKWY | ROOM 1188-JELKE | CHICAGO | IL"
chi_002,1073558136,"UNIVERSITY ANESTHESIOLOGISTS SC | 1653 W CONGRESS PKWY | 735 JELKE ANESTHESIA DEPT. | CHICAGO | IL"
chi_002,1093929002,"RUSH UNIVERSITY MEDICAL CENTER | 1653 W CONGRESS PKWY | 622 MURDOCK | CHICAGO | IL"
chi_002,1104202480,"UNIVERSITY ANESTHESIOLOGISTS SC | 1653 W CONGRESS PKWY | | CHICAGO | IL"
chi_002,1144777285,"RUSH UNIVERSITY MEDICAL CENTRE | 1653 W CONGRESS PARKWAY | JELKE BUIDLING SUITE 181 | CHICAGO | IL"
chi_002,1164688792,"RUSH UNIVERSITY MEDICAL CENTER | 1653 W CONGRESS PKWY | DIAGNOSTIC RADIOLOGY | CHICAGO | IL"
chi_002,1174793327,"RUSH UNIVERSITY PEDIATRIC CARDIAC SURGEONS | 1653 W CONGRESS PKWY | | CHICAGO | IL"
chi_002,1215269451,"RUSH UNIVERSITY MEDICAL CENTER | 1653 W CONGRESS PKWY | | CHICAGO | IL"
chi_002,1275088130,"UNIVERSITY PATHOLOGY DIAGNOSTICS SC | 1653 W CONGRESS PKWY | 570 JELKE | CHICAGO | IL"
chi_002,1326140583,"RUSH UNIVERSITY MEDICAL CENTER | 1653 W CONGRESS PKWY | | CHICAGO | IL"
chi_002,1346216470,"RUSH UNIVERSITY MEDICAL CENTER | 1653 W CONGRESS PKWY | SUITE 177 | CHICAGO | IL"
chi_002,1417043977,"RUSH UNIVERSITY MEDICAL CENTER | 1653 W CONGRESS PKWY | | CHICAGO | IL"
chi_002,1467618660,"RUSH UNIVERSITY | 1653 W CONGRESS PKWY | | CHICAGO | IL"
chi_002,1487103644,"DEPARTMENT OF PSYCHIATRY AT RUSH | 1653 W CONGRESS PKWY | | CHICAGO | IL"
chi_002,1518355239,"UNIVERSITY PAIN PHYSICIANS LLC | 1653 W CONGRESS PKWY # 735 | JELKE ANESTHESIA DEPT | CHICAGO | IL"
chi_002,1538355136,"RUSH CENTER FOR CONGENITAL & STRUCTURAL HEART DISEASE | 1653 W CONGRESS PKWY | 708 KELLOGG | CHICAGO | IL"
chi_002,1699921007,"RUSH UNIVERSITY MEDICAL CENTER | 1653 W CONGRESS PKWY | | CHICAGO | IL"
chi_002,1730346594,"RUSH UNIVERSITY MEDICAL CENTER | 1653 W CONGRESS PKWY | | CHICAGO | IL"
chi_002,1790945061,"RUSH UNIVERSITY MEDICAL CENTER | 1653 W CONGRESS PKWY | | CHICAGO | IL"
chi_002,1801908728,"RUSH UNIVERSITY MEDICAL CENTER | 1653 W CONGRESS PKWY | | CHICAGO | IL"
chi_002,1821212937,"RUSH UNIVERSITY &MEDICAL CENTER | 1653 W CONGRESS PKWY | | CHICAGO | IL"
chi_002,1851495899,"RUSH UNIVERSITY MEDICAL CENTER | 1653 W CONGRESS PKWY | | CHICAGO | IL"
chi_002,1891134920,"RUSH UNIVERSITY MEDICAL CENTER | 1653 W CONGRESS PKWY | | CHICAGO | IL"
chi_002,1932213600,"RUSH UNIVERSITY MEDICAL CENTER | 1653 W CONGRESS PKWY | | CHICAGO | IL"
chi_003,1033218128,"THE UNIVERSITY OF CHICAGO MEDICAL CENTER | 5841 S MARYLAND AVE | | CHICAGO | IL"
chi_003,1073821195,"UNIVERSITY OF CHICAGO MEDICAL CENTER | 5841 S MARYLAND AVE # MC5068 | | CHICAGO | IL"
chi_003,1073855623,"THE UNIVERSITY OF CHICAGP | 5841 S MARYLAND AVE MC6082 | UNIVERSITY OF CHICAGO | CHICAGO | IL"
chi_003,1083873533,"THE UNIVERSITY OF CHICAGO MEDICAL CENTER | 5841 S MARYLAND AVE | | CHICAGO | IL"
chi_003,1093894990,"THE UNIVERSITY OF CHICAGO MEDICAL CENTERS | 5841 S MARYLAND AVE | | CHICAGO | IL"
chi_003,1225596596,"THE UNIVERSITY OF CHICAGO MEDICAL CENTER | 5841 S MARYLAND AVE | | CHICAGO | IL"
chi_003,1245346105,"THE UNIVERSITY OF CHICAGO HOSPITALS | 5841 S MARYLAND AVE | MC 5031 | CHICAGO | IL"
chi_003,1245541176,"UNIVERSITY OF CHICAGO MEDICAL CENTER | 5841 S MARYLAND AVE | MC 1052 RM J-141 | CHICAGO | IL"
chi_003,1275075665,"UNIVERSITY OF CHICAGO MEDICAL CENTER | 5841 S MARYLAND AVE | | CHICAGO | IL"
chi_003,1346605045,"UNIVERSITY OF CHICAGO MEDICINE | 5841 S MARYLAND AVE | | CHICAGO | IL"
chi_003,1386838035,"THE UNIVERSITY OF CHICAGO HOSPITALS | 5841 S MARYLAND AVE | | CHICAGO | IL"
chi_003,1417245556,"UNIVERSITY OF CHICAGO HOSPITALS | 5841 S MARYLAND AVE MC 5068 | UNIVERSITY OF CHICAGO HOSPITALS | CHICAGO | IL"
chi_003,1417265612,"UNIVERSITY OF CHICAGO | 5841 S MARYLAND AVE | | CHICAGO | IL"
chi_003,1497907786,"UNIVERSITY OF CHICAGO | 5841 S MARYLAND AVE # MC3077 | | CHICAGO | IL"
chi_003,1497967491,"UNIVERSITY OF CHICAGO COMER CHILDREN'S HOSPITAL | 5841 S MARYLAND AVE | MC 4060 | CHICAGO | IL"
chi_003,1528235462,"UNIVERSITY OF CHICAGO MEDICAL CENTER | 5841 S MARYLAND AVE | | CHICAGO | IL"
chi_003,1548512148,"UNIVERSITY OF CHICAGO PHYSICIAN'S GROUP | 5841 S MARYLAND AVE | MC 2115 | CHICAGO | IL"
chi_003,1568619849,"UNIVERSITY OF CHICAGO HOSPITALS | 5841 S MARYLAND AVE | | CHICAGO | IL"
chi_003,1609162072,"UNIVERISTY OF CHICAGO HOSPITALS | 5841 S MARYLAND AVE | DEPT OF GME ROOM J-141 | CHICAGO | IL"
chi_003,1689780850,"UNIVERSITY OF CHICAGO HOSPITALS | 5841 S MARYLAND AVE # 5031 | | CHICAGO | IL"
chi_003,1700191012,"UNIVERSITY OF CHICAGO MEDICAL CENTER | 5841 S MARYLAND AVE # MC5068 | | CHICAGO | IL"
chi_003,1720191653,"UNIVERSITY OF CHICAGO | 5841 S MARYLAND AVE # 2115 | | CHICAGO | IL"
chi_003,1780736850,"THE UNIVERSITY OF CHICAGO MEDICAL CENTERS | 5841 S MARYLAND AVE | | CHICAGO | IL"
chi_003,1821048786,"UNIVERSITY OF CHICAGO | 5841 S MARYLAND AVE | UCPG/MC 1099 | CHICAGO | IL"
chi_003,1831401520,"UNIVERSITY OF CHICAGO MEDICAL CENTER | 5841 S MARYLAND AVE | MC 4028 | CHICAGO | IL"
chi_003,1861707846,"UNIVERSITY OF CHICAGO | 5841 S MARYLAND AVE | | CHICAGO | IL"
chi_003,1861792517,"UNIVERSITY OF CHICAGO MEDICAL CENTER | 5841 S MARYLAND AVE | MC 2026 | CHICAGO | IL"
chi_003,1891954418,"THE UNIVERSITY OF CHICAGO MEDICAL CENTER | 5841 S MARYLAND AVE | | CHICAGO | IL"
chi_004,1023182177,"ADVOCATE CHRIST MEDICAL CENTER | 4440 W 95TH ST | | OAK LAWN | IL"
chi_004,1073781225,"ADVOCATE HOPE CHILDREN'S HOSPITAL | 4440 W 95TH ST | | OAK LAWN | IL"
chi_004,1104022250,"ADVOCATE CHRIST HOSPITAL | 4440 W 95TH ST | | OAK LAWN | IL"
chi_004,1225810831,"ADVOCATE HEALTH AND HOPSITALS CORPORATION | 4440 W 95TH ST | | OAK LAWN | IL"
chi_004,1225846660,"ADVOCATE HEALTH AND HOSPITALS CORPORATION | 4440 W 95TH ST STE 201P | | OAK LAWN | IL"
chi_004,1386188068,"ADVOCATE HEALTH AND HOSPITALS CORPORATION | 4440 W 95TH ST | | OAK LAWN | IL"
chi_004,1508315516,"ADVOCATE HEALTH & HOSPITALS CORPORATION | 4440 W 95TH ST | | OAK LAWN | IL"
chi_004,1548375082,"ADVOCATE HEALTH AND HOSPITALS CORPORATION | 4440 W 95TH ST | | OAK LAWN | IL"
chi_004,1619333291,"ADVOCATE CHILDREN'S HOSPITAL | 4440 W 95TH ST | ROOM 0019H | OAK LAWN | IL"
chi_004,1629441027,"ADVOCATE HEALTH AND HOSPITALS CORPORATION | 4440 W 95TH ST | | OAK LAWN | IL"
chi_004,1912936014,"ADVOCATE HEALTH & HOSPITALS CORPORATION | 4440 W 95TH ST | | OAK LAWN | IL"
chi_004,1922332881,"ADVOCATE CHRIST MEDICAL CENTER | 4440 W 95TH ST | | OAK LAWN | IL"
chi_004,1922542604,"ADVOCATE HEALTH AND HOSPITALS CORPORATION | 4440 W 95TH ST | | OAK LAWN | IL"
chi_005,1023296357,"LOYOLA UNIVERSITY MEDICAL CENTER | 2160 S 1ST AVE | | MAYWOOD | IL"
chi_005,1073859104,"LOYOLA UNIVERSITY MEDICAL CENTER | 2160 S 1ST AVE | OUTPATIENT CENTER ROOM 1620 | MAYWOOD | IL"
chi_005,1104462126,"LOYOLA UNIVERSITY MEDICAL CENTER | 2160 S 1ST AVE RM 150-1610 | | MAYWOOD | IL"
chi_005,1184789299,"LOYOLA UNIVERSITY MEDICAL CENTER | 2160 S 1ST AVE | BLDG 107 | MAYWOOD | IL"
chi_005,1235148891,"LOYOLA UNIVERSITY PHYSICIAN FOUNDATION | 2160 S 1ST AVE | | MAYWOOD | IL"
chi_005,1235415787,"LOYOLA UNIVERSITY MEDICAL CENTER | 2160 S 1ST AVE | | MAYWOOD | IL"
chi_005,1336159961,"LOYOLA UNIVERSITY MEDICAL CENTER | 2160 S 1ST AVE | | MAYWOOD | IL"
chi_005,1356631154,"LOYOLA UNIVERSITY MEDICAL CENTER | 2160 S 1ST AVE | | MAYWOOD | IL"
chi_005,1376521575,"LOYOLA UNIVERSITY MEDICAL CENTER | 2160 S 1ST AVE | | MAYWOOD | IL"
chi_005,1457515991,"LOYOLA UNIVERSITY HEALTH SYSTEM | 2160 S 1ST AVE | | MAYWOOD | IL"
chi_005,1487781142,"LOYOLA UNIVERSITY MEDICAL CTR., HOME INFUSION | 2160 S 1ST AVE | | MAYWOOD | IL"
chi_005,1528112794,"LOYOLA UNIVERSITY MEDICAL CENTER | 2160 S 1ST AVE | | MAYWOOD | IL"
chi_005,1528488897,"LOYOLA UNIVERSITY MEDICAL CENTER | 2160 S 1ST AVE | LOYOLA OUTPATIENT CENTER, 4300 | MAYWOOD | IL"
chi_005,1548304207,"LOYOLA UNIVERSITY MEDICAL CENTER | 2160 S 1ST AVE | BLDG 112 ROOM 1301 | MAYWOOD | IL"
chi_005,1750484721,"LOYOLA UNIVERSITY MEDICAL CENTER | 2160 S 1ST AVE | | MAYWOOD | IL"
chi_005,1750547121,"LOYOLA UNIVERSITY MEDICAL CENTER | 2160 S 1ST AVE | | MAYWOOD | IL"
chi_005,1821346354,"LOYOLA UNIVERSITY MEDICAL CENTER | 2160 S 1ST AVE | | MAYWOOD | IL"
chi_005,1831516210,"LOYOLA UNIVERSITY CHICAGO MEDICAL CENTER | 2160 S 1ST AVE | | MAYWOOD | IL"
chi_005,1841361748,"LOYOLA UNIVERSITY CHILDREN'S HOSPITAL | 2160 S 1ST AVE | | MAYWOOD | IL"
chi_005,1912042029,"LOYOLA UNIVERSITY MEDICAL CENTER | 2160 S 1ST AVE | | MAYWOOD | IL"
chi_006,1558479212,"ADVOCATE HEALTH AND HOSPITALS CORPORATION | 2320 EAST 93RD STREET | | CHICAGO | IL"
chi_006,1568163822,"ADVOCATE HEALTH AND HOSPITALS CORPORATION | 2320 E 93RD ST STE 3735 | | CHICAGO | IL"
den_001,1013682798,"UNIVERSITY PHYSICIANS INCORPORATED | 12605 E 16TH AVE FL 12 | | AURORA | CO"
den_001,1124076542,"UNIVERSITY PHYSICIANS INCORPORATED | 12605 E 16TH AVE | UNIVERSITY OF COLORADO HOSPITAL | AURORA | CO"
den_001,1285682799,"UNIVERSITY PHYSICIANS INCORPORATED | 12605 E 16TH AVE RM 31128 | UNIV OF COLO ANSCHUTZ DEPT OF PATHOLOGY | AURORA | CO"
den_001,1295461218,"UNIVERSITY PHYSICIANS INCORPORATED | 12605 E 16TH AVE FL 3 | | AURORA | CO"
den_001,1376180836,"UNIVERSITY OF COLORADO HOSPITAL AUTHORITY | 12605 E 16TH AVE | | AURORA | CO"
den_001,1396001780,"UNIVERSITY OF COLORADO HOSPITAL | 12605 E 16TH AVE | | AURORA | CO"
den_001,1407804990,"UNIVERSITY PHYSICIANS INCORPORATED | 12605 E 16TH AVE # MSF768 | ANSCHUTZ IP PAVILION RM 3-128 ANATOMIC PATH | AURORA | CO"
den_001,1457477275,"UNIVERSITY OF COLORADO HOSPITAL AUTHORITY | 12605 E 16TH AVE | | AURORA | CO"
den_001,1467786996,"UNIVERSITY HOSPITAL ATIRUM PHARMACY | 12605 E 16TH AVE | | AURORA | CO"
den_001,1477149417,"UNIVERSITY OF COLORADO HOSPITAL AUTHORITY | 12605 E 16TH AVE | | AURORA | CO"
den_001,1477531580,"UNIVERSITY OF COLORADO HOSPITAL AUTHORITY | 12605 E 16TH AVE | | AURORA | CO"
den_001,1497902290,"UNIVERSITY PHYSICIANS INCORPORATED | 12605 E 16TH AVE | | AURORA | CO"
den_001,1548977200,"UNIVERSITY OF COLORADO HOSPITAL AUTHORITY | 12605 E 16TH AVE | | AURORA | CO"
den_001,1619241965,"UNIVERSITY PHYSICIANS, INCORPORATED | 12605 E 16TH AVE | | AURORA | CO"
den_001,1710184106,"UNIVERSITY OF COLORADO HOSPITAL AUTHORITY | 12605 E 16TH AVE RM 1054 | MAIL STOP A027 | AURORA | CO"
den_001,1922124684,"UNIVERSITY OF COLORADO HOSPITAL AUTHORITY | 12605 E 16TH AVE | | AURORA | CO"
den_001,1962461889,"UNIVERSITY PHYSICIANS INCORPORATED | 12605 E 16TH AVE | UNIVERSITY OF COLORADO HOSPITAL | AURORA | CO"
den_002,1215987987,"DENVER HEALTH AND HOSPITAL AUTHORITY | 777 BANNOCK ST | | DENVER | CO"
den_002,1285945394,"DENVER HEALTH AND HOSPITALS AUTHORITY | 777 BANNOCK ST UNIT 9 | | DENVER | CO"
den_002,1336573070,"DENVER HEALTH MEDICAL CENTER | 777 BANNOCK ST | MC 0911 | DENVER | CO"
den_002,1356425102,"DENVER HEALTH AND HOSPITAL AUTHORITY | 777 BANNOCK ST | | DENVER | CO"
den_002,1407007784,"DENVER HEALTH MEDICAL CENTER | 777 BANNOCK ST UNIT 9 | 777 BANNOCK ST, UNIT 9 | DENVER | CO"
den_002,1427554070,"DENVER HEALTH AND HOSPITAL AUTHORITY | 777 BANNOCK ST | | DENVER | CO"
den_002,1437427622,"DENVER HEALTH MEDICAL CENTRE | 777 BANNOCK ST | | DENVER | CO"
den_002,1477569838,"DENVER HEALTH AND HOSPITAL AUTHORITY | 777 BANNOCK ST | | DENVER | CO"
den_002,1477746105,"DENVER HEALTH AND HOSPITAL AUTHORITY | 777 BANNOCK ST | MC 1923 | DENVER | CO"
den_002,1538310578,"DENVER HEALTH/OBHS | 777 BANNOCK ST UNIT 9 | 777 BANNOCK ST. UNIT-9 | DENVER | CO"
den_002,1568563278,"DENVER HEALTH AND HOSPITAL AUTHORITY | 777 BANNOCK ST | | DENVER | CO"
den_002,1568741122,"DENVER HEALTH | 777 BANNOCK STREET MC 3240 | | DENVER | CO"
den_002,1609248814,"DENVER HEALTH & HOSPITAL AUTHORITY | 777 BANNOCK ST | | DENVER | CO"
den_002,1689458523,"DENVER HEALTH AND HOSPITAL AUTHORITY | 777 BANNOCK ST | | DENVER | CO"
den_002,1689624686,"DENVER HEALTH AND HOSPITAL AUTHORITY | 777 BANNOCK ST | | DENVER | CO"
den_002,1689624942,"DENVER HEALTH AND HOSPITAL AUTHORITY | 777 BANNOCK ST | | DENVER | CO"
den_002,1720399835,"DENVER HEALTH AUTHORITY | 777 BANNOCK ST UNIT 9 | | DENVER | CO"
den_002,1750532206,"DENVER HEALTH AUTHORITY | 777 BANNOCK ST UNIT 9 | 777 BANNOCK ST. UNIT-9 | DENVER | CO"
den_002,1811919566,"DENVER HEALTH AND HOSPITAL AUTHORITY | 777 BANNOCK ST | | DENVER | CO"
den_002,1841231990,"DENVER HEALTH AND HOSPITAL AUTHORITY | 777 BANNOCK ST | | DENVER | CO"
den_002,1932350204,"DENVER HEALTH AND HOSPITAL AUTHORITY/OBHS | 777 BANNOCK ST UNIT 9 | 777 BANNOCK UNIT-9 | DENVER | CO"
den_002,1962790295,"DENVER HEALTH | 777 BANNOCK ST | | DENVER | CO"
den_002,1992586127,"DENVER HEALTH AND HOSPITAL AUTHORITY | 777 BANNOCK ST | | DENVER | CO"
den_003,1124615943,"SAINT JOSEPH HOSPITAL INC | 1375 E 19TH AVE | | DENVER | CO"
den_003,1154361350,"SAINT JOSEPH HOSPITAL, INC | 1375 E 19TH AVE | | DENVER | CO"
den_003,1417946021,"SAINT JOSEPH HOSPITAL, INC | 1375 E 19TH AVE | | DENVER | CO"
den_004,1023644150,"HEALTHONE CLINIC SERVICES - SURGERY NEUROLOGICAL LLC | 501 E HAMPDEN AVE | | ENGLEWOOD | CO"
den_004,1063028686,"HEALTHONE CLINIC SERVICES - PEDIATRIC SPECIALTIES LLC | 501 E HAMPDEN AVE | | ENGLEWOOD | CO"
den_004,1093320988,"HEALTHONE CLINIC SERVICES - ORTHOPEDIC SPECIALISTS LLC | 501 E HAMPDEN AVE | | ENGLEWOOD | CO"
den_004,1114552460,"HEALTHONE CLINIC SERVICES - BEHAVIORAL HEALTH LLC | 501 E HAMPDEN AVE | | ENGLEWOOD | CO"
den_004,1124073010,"HCA-HEALTHONE LLC | 501 E HAMPDEN AVE | | ENGLEWOOD | CO"
den_004,1184364754,"HEALTHONE CLINIC SERVICES - SPINAL CORD INJURY INSTITUTE, LLC | 501 E HAMPDEN AVE | | ENGLEWOOD | CO"
den_004,1205881141,"HCA-HEALTHONE LLC | 501 E HAMPDEN AVE | | ENGLEWOOD | CO"
den_004,1275145286,"HEALTHONE CLINIC SERVICES-SURGICAL SPECIALTIES LLC | 501 E HAMPDEN AVE | | ENGLEWOOD | CO"
den_004,1275588113,"HCA-HEALTHONE LLC | 501 E HAMPDEN AVE | | ENGLEWOOD | CO"
den_004,1356969893,"HEALTHONE CLINIC SERVICES - OBSTETRICS AND GYNECOLOGY LLC | 501 E HAMPDEN AVE | | ENGLEWOOD | CO"
den_004,1396790200,"HCA HEALTHONE LLC | 501 E HAMPDEN AVE | | ENGLEWOOD | CO"
den_004,1396790234,"HCA-HEALTHONE LLC | 501 E HAMPDEN AVE | | ENGLEWOOD | CO"
den_004,1417901489,"HCA-HEALTHONE LLC | 501 E HAMPDEN AVE | | ENGLEWOOD | CO"
den_004,1467978668,"HEALTHONE IRL PATHOLOGY SERVICES, LLC | 501 E HAMPDEN AVE | | ENGLEWOOD | CO"
den_004,1558316497,"HCA-HEALTHONE LLC | 501 E HAMPDEN AVE | | ENGLEWOOD | CO"
den_004,1588619423,"HCA-HEALTHONE LLC | 501 E HAMPDEN AVE | | ENGLEWOOD | CO"
den_004,1619503794,"HEALTHONE CLINIC SERVICES MEDICAL SPECIALTIES LLC | 501 E HAMPDEN AVE | | ENGLEWOOD | CO"
den_004,1629023502,"HCA HEALTHONE LLC | 501 E HAMPDEN AVE | | ENGLEWOOD | CO"
den_004,1649225582,"HCA-HEALTHONE LLC | 501 E HAMPDEN AVE | | ENGLEWOOD | CO"
den_004,1679189658,"HEALTHONE CLINIC SERVICES - PRIMARY CARE, LLC | 501 E HAMPDEN AVE | | ENGLEWOOD | CO"
den_004,1710932694,"HCA-HEALTHONE LLC | 501 E HAMPDEN AVE | | ENGLEWOOD | CO"
den_004,1730134677,"HCA-HEALTHONE LLC | 501 E HAMPDEN AVE | | ENGLEWOOD | CO"
den_004,1770538688,"HCA-HEALTHONE LLC | 501 E HAMPDEN AVE | | ENGLEWOOD | CO"
den_004,1801841788,"HCA-HEALTHONE LLC | 501 E HAMPDEN AVE | | ENGLEWOOD | CO"
den_004,1811942790,"HCA-HEALTHONE LLC | 501 E HAMPDEN AVE | | ENGLEWOOD | CO"
den_004,1851330880,"HCA-HEALTHONE LLC | 501 E HAMPDEN AVE | | ENGLEWOOD | CO"
den_004,1891321873,"HEALTHONE CLINIC SERVICES - CARDIOVASCULAR LLC | 501 E HAMPDEN AVE | | ENGLEWOOD | CO"
den_004,1972119394,"HEALTHONE HEART CARE LLC | 501 E HAMPDEN AVE | | ENGLEWOOD | CO"
den_004,1972136588,"HEALTHONE CLINIC SERVICES - BARIATRIC MEDICINE LLC | 501 E HAMPDEN AVE | | ENGLEWOOD | CO"
den_005,1013788249,"CHILDREN'S HOSPITAL COLORADO | 13123 E 16TH AVE | | AURORA | CO"
den_005,1033685797,"CHILDREN'S HOSPITAL COLORADO | 13123 E 16TH AVE | | AURORA | CO"
den_005,1043455108,"THE CHILDREN'S HOSPITAL AURORA CO | 13123 E 16TH AVE | | AURORA | CO"
den_005,1144477266,"CHILDREN'S HOSPITAL COLORADO | 13123 E 16TH AVE | B010 | AURORA | CO"
den_005,1174282776,"CHILDREN'S HOSPITAL COLORADO | 13123 E 16TH AVE | | AURORA | CO"
den_005,1174346928,"CHILDREN'S HOSPITAL COLORADO | 13123 E 16TH AVE | | AURORA | CO"
den_005,1265687966,"CHILDREN'S HOSPITAL COLORADO | 13123 E 16TH AVE | BOX 030 | AURORA | CO"
den_005,1336245828,"CHILDREN'S HOSPITAL COLORADO | 13123 E 16TH AVE | B010 | AURORA | CO"
den_005,1447021670,"CHILDREN'S HOSPITAL COLORADO | 13123 E 16TH AVE | | AURORA | CO"
den_005,1518709914,"CHILDREN'S HOSPITAL COLORADO | 13123 E 16TH AVE | | AURORA | CO"
den_005,1720243348,"CHILDREN'S HOSPITAL COLORADO | 13123 E 16TH AVE | | AURORA | CO"
den_005,1740991298,"CHILDREN'S HOSPITAL COLORADO | 13123 E 16TH AVE | | AURORA | CO"
den_005,1790177616,"CHILDREN'S HOSPITAL COLORADO | 13123 EAST 16TH AVENUE | B302 | AURORA | CO"
den_005,1851288070,"CHILDREN'S HOSPITAL COLORADO | 13123 E 16TH AVE | | AURORA | CO"
den_005,1992576128,"CHILDREN'S HOSPITAL COLORADO | 13123 E 16TH AVE | | AURORA | CO"
tpa_001,1124317318,"INTERVENTIONAL RADIOLOGY ASSOCIATES OF TAMPA LLC | 1 TAMPA GENERAL CIR | TAMPA GENERAL HOSPITAL, RADIOLOGY DEPT | TAMPA | FL"
tpa_001,1124558929,"TAMPA GENERAL HOSPITAL | 1 TAMPA GENERAL CIR | | TAMPA | FL"
tpa_001,1346202017,"RADIOLOGY ASSOCIATES OF TAMPA PA | 1 TAMPA GENERAL CIR | RADIOLOGY ASSOC OF TAMPA AT TAMPA GENERAL HOSPITAL | TAMPA | FL"
tpa_001,1609271667,"TAMPA GENERAL HOSPITAL | 1 TAMPA GENERAL CIR | | TAMPA | FL"
tpa_002,1053321919,"UNIVERSITY COMMUNITY HOSPITAL, INC | 3100 E FLETCHER AVE | | TAMPA | FL"
tpa_002,1134766694,"UNIVERSITY COMMUNITY HOSPITAL, INC | 3100 E FLETCHER AVE | | TAMPA | FL"
tpa_002,1558666990,"UCH | 3100 E FLETCHER AVE | | TAMPA | FL"
tpa_002,1861630287,"UNIVERSITY COMMUNITY HOSPITAL, INC | 3100 E FLETCHER AVE | | TAMPA | FL"
tpa_002,1861765737,"NORTH TAMPA HOSPITALISTS, LLC | 3100 E FLETCHER AVE | FLORIDA HOSPITAL, TAMPA | TAMPA | FL"
tpa_003,1235371378,"MORTON PLANT HOSPITAL ASSOCIATION, INC. | 300 PINELLAS ST | | CLEARWATER | FL"
tpa_003,1376529743,"MORTON PLANT HOSPITAL ASSOCIATION INC | 300 PINELLAS ST | | CLEARWATER | FL"
tpa_003,1538738687,"BAYCARE MEDICAL GROUP INC | 300 PINELLAS ST | | CLEARWATER | FL"
tpa_003,1831780873,"MORTON PLANT HOSPITAL ASSOCIATION INC | 300 PINELLAS ST | | CLEARWATER | FL"
tpa_003,1962294397,"MORTON PLANT HOSPITAL ASSOCIATION, INC. | 300 PINELLAS ST FL 1 | | CLEARWATER | FL"
tpa_004,1003487786,"BAYCARE MEDICAL GROUP INC | 3001 W DR MARTIN LUTHER KING JR BLVD | | TAMPA | FL"
tpa_004,1043985039,"BAYCARE MEDICAL GROUP INC | 3001 W DR MLK BLVD | | TAMPA | FL"
tpa_004,1235708371,"BAYCARE MEDICAL GROUP INC | 3001 W DR MLK BLVD | | TAMPA | FL"
tpa_004,1316531999,"ST. JOSEPH'S HOSPITAL, INC. | 3001 W DR MLK BLVD | | TAMPA | FL"
tpa_004,1447132634,"ST. JOSEPH'S HOSPITAL, INC. | 3001 W DR MARTIN LUTHER KING JR BLVD FL 1 | | TAMPA | FL"
tpa_004,1669043329,"BAYCARE MEDICAL GROUP INC | 3001 W DR MARTIN LUTHER KING JR BLVD FL 1 | | TAMPA | FL"
tpa_004,1740851427,"BAYCARE MEDICAL GROUP INC | 3001 W DR MLK BLVD FL 1 | | TAMPA | FL"
tpa_004,1740996511,"BAYCARE BEHAVIORAL HEALTH, INC | 3001 W DR MARTIN LUTHER KING JR BLVD | | TAMPA | FL"
tpa_004,1750951281,"BAYCARE MEDICAL GROUP INC | 3001 W DR MLK BLVD FL JRBLVD1 | | TAMPA | FL"
tpa_004,1881263796,"BAYCARE MEDICAL GROUP INC | 3001 W DR MLK BLVD | | TAMPA | FL"
tpa_004,1881632818,"ST. JOSEPH'S HOSPITAL, INC. | 3001 W DR MLK JR BLVD | | TAMPA | FL"
tpa_005,1053971275,"JOHNS HOPKINS ALL CHILDREN'S HOSPITAL, INC. | 501 6TH AVE S | | ST PETERSBURG | FL"
tpa_005,1063877181,"ALL CHILDREN'S HOSPITAL | 501 6TH AVE S | | ST PETERSBURG | FL"
tpa_005,1346343555,"JOHNS HOPKINS ALL CHILDREN'S HOSPITAL, INC | 501 6TH AVE S | | ST PETERSBURG | FL"
tpa_005,1427114099,"JOHNS HOPKINS ALL CHILDREN'S HOSPITAL, INC | 501 6TH AVE S | D#9050 | ST PETERSBURG | FL"
tpa_005,1528208204,"JOHNS HOPKINS ALL CHILDREN'S HOSPITAL, INC | 501 6TH AVE S | DEPT. 9525 | ST PETERSBURG | FL"
tpa_005,1558013136,"JOHNS HOPKINS ALL CHILDREN'S HOSPITAL, INC. | 501 6TH AVE S | | ST PETERSBURG | FL"
tpa_005,1831254168,"ALL CHILDREN'S SURGIKID OF FLORIDA, INC | 501 6TH AVE S | DEPT. #9525 | ST PETERSBURG | FL"
tpa_006,1518129758,"MEMORIAL OF TAMPA EMERGENCY PHYSICIANS LLC | 2901 W SWANN AVE | EMERGENCY DEPARTMENT | TAMPA | FL"
tpa_006,1578660783,"PARKLAND EMERGENCY ASSOCIATES PA | 2901 W SWANN AVE | MEMORIAL HOSPITAL EMERGENCY DEPT. | TAMPA | FL"
tpa_006,1871935072,"WEST FLORIDA - MHT LLC | 2901 W SWANN AVE | | TAMPA | FL"
tpa_006,1962844167,"WEST FLORIDA - MHT LLC | 2901 W SWANN AVE | | TAMPA | FL"
dfw_001,1285798918,"UNIVERSITY OF TEXAS SOUTHWESTERN MEDICAL CENTER AT DALLAS | 6201 HARRY HINES BLVD | | DALLAS | TX"
dfw_001,1346802915,"UNIVERSITY OF TEXAS SOUTHWESTERN MEDICAL CENTER AT DALLAS | 6201 HARRY HINES BLVD | | DALLAS | TX"
dfw_001,1558759316,"UNIVERSITY OF TEXAS SOUTHWESTERN MEDICAL CENTER AT DALLAS | 6201 HARRY HINES BLVD SUITE 01.117 | | DALLAS | TX"
dfw_002,1144384876,"UNIVERSITY OF TEXAS SOUTHWESTERN MEDICAL CENTER AT DALLAS | 5151 HARRY HINES BOULEVARD | | DALLAS | TX"
dfw_002,1376607002,"UNIVERSITY OF TEXAS SOUTHWESTERN MEDICAL CENTER AT DALLAS | 5151 HARRY HINES BOULEVARD | | DALLAS | TX"
dfw_002,1417010653,"UNIVERSITY OF TEXAS SOUTHWESTERN MEDICAL CENTER AT DALLAS | 5151 HARRY HINES BOULEVARD | | DALLAS | TX"
dfw_002,1851944029,"UNIVERSITY OF TEXAS SOUTHWESTERN MEDICAL CENTER AT DALLAS | 5151 HARRY HINES BLVD | | DALLAS | TX"
dfw_003,1134129851,"BAYLOR UNIVERSITY MEDICAL CENTER | 3500 GASTON AVE | | DALLAS | TX"
dfw_003,1215070156,"OB HOSPITALISTS OF TEXAS, P.A. | 3500 GASTON AVE | BAYLOR UNIVERSITY MEDICAL CENTER | DALLAS | TX"
dfw_003,1306720750,"BAYLOR UNIVERSITY MEDICAL CENTER | 3500 GASTON AVE | | DALLAS | TX"
dfw_003,1447250253,"BAYLOR UNIVERSITY MEDICAL CENTER | 3500 GASTON AVE | | DALLAS | TX"
dfw_003,1447597240,"BAYLOR UNIVERSITY MEDICAL CENTER | 3500 GASTON AVE | INTERNAL MEDICINE DEPARTEMENT | DALLAS | TX"
dfw_003,1518967231,"BAYLOR UNIVERSITY MEDICAL CENTER | 3500 GASTON AVE | | DALLAS | TX"
dfw_003,1700033016,"TRANSPLANT ASSOCIATES OF BAYLOR HEALTH CARE SYSTEM, PA | 3500 GASTON AVE | 4TH FLOOR ROBERTS | DALLAS | TX"
dfw_003,1902798077,"BAYLOR UNIVERSITY MEDICAL CENTER | 3500 GASTON AVE | | DALLAS | TX"
dfw_003,1942348354,"BAYLOR UNIVERSITY MEDICAL CENTER | 3500 GASTON AVE | | DALLAS | TX"
dfw_003,1972519379,"BAYLOR UNIVERSITY MEDICAL CENTER | 3500 GASTON AVE | | DALLAS | TX"
dfw_004,1174685705,"DALLAS COUNTY HOSPITAL DISTRICT | 5200 HARRY HINES BLVD | | DALLAS | TX"
dfw_004,1407910276,"DALLAS COUNTY HOSPITAL DISTRICT | 5200 HARRY HINES BLVD | | DALLAS | TX"
dfw_004,1437226610,"DALLAS COUNTY HOSPITAL DISTRICT | 5200 HARRY HINES BLVD | | DALLAS | TX"
dfw_004,1508014895,"DALLAS COUNTY HOSPITAL DISTRICT | 5200 HARRY HINES BLVD | | DALLAS | TX"
dfw_004,1649278995,"DALLAS COUNTY HOSPITAL DISTRICT | 5200 HARRY HINES BLVD | | DALLAS | TX"
dfw_004,1801894647,"DALLAS COUNTY HOSPITAL DISTRICT | 5200 HARRY HINES BLVD | | DALLAS | TX"
dfw_004,1831198506,"DALLAS COUNTY HOSPITAL DISTRICT | 5200 HARRY HINES BLVD | | DALLAS | TX"
dfw_004,1932123247,"DALLAS COUNTY HOSPITAL DISTRICT | 5200 HARRY HINES BLVD | | DALLAS | TX"
dfw_005,1023180502,"COLUMBIA HOSPITAL AT MEDICAL CITY DALLAS SUBSIDIARY LP | 7777 FOREST LN | | DALLAS | TX"
dfw_005,1043873326,"PEDIATRIC NEUROLOGY OF DALLAS | 7777 FOREST LANE | MEDICAL CITY DALLAS SUITE A-234 | DALLAS | TX"
dfw_005,1053365387,"COLUMBIA HOSPITAL AT MEDICAL CITY DALLAS SUBSIDIARY LP | 7777 FOREST LN | | DALLAS | TX"
dfw_005,1073979001,"COLUMBIA HOSPITAL AT MEDICAL CITY DALLAS SUBSIDIARY LP | 7777 FOREST LN | | DALLAS | TX"
dfw_005,1235199829,"MEDICAL CITY DALLAS IMAGING CENTER, LLC | 7777 FOREST LN | SUITE C-112 | DALLAS | TX"
dfw_005,1396107819,"MEDICAL CITY TRANSPLANT, PLLC | 7777 FOREST LN STE B445 | | DALLAS | TX"
dfw_005,1487606596,"COLUMBIA HOSPITAL AT MEDICAL CITY DALLAS SUBSIDIARY LP | 7777 FOREST LN | | DALLAS | TX"
dfw_005,1619995180,"MED CITY DALLAS OUTPATIENT SURGERY CENTER, L.P. | 7777 FOREST LN | SUITE C-150 | DALLAS | TX"
dfw_005,1689628984,"COLUMBIA HOSPITAL AT MEDICAL CITY DALLAS SUBSIDIARY LP | 7777 FOREST LN | | DALLAS | TX"
dfw_005,1730256074,"PROASSIST | 7777 FOREST LN | MEDICAL CITY DALLAS | DALLAS | TX"
dfw_005,1851599245,"COLUMBIA HOSPITAL AT MEDICAL CITY DALLAS SUBSIDIARY LP | 7777 FOREST LN | | DALLAS | TX"
dfw_006,1114079142,"TEXAS HEALTH PRESBYTERIAN HOSPITAL DALLAS | 8200 WALNUT HILL LN | | DALLAS | TX"
dfw_006,1245311695,"TEXAS HEALTH PRESBYTERIAN HOSPITAL DALLAS | 8200 WALNUT HILL LN | | DALLAS | TX"
dfw_006,1255412789,"TEXAS HEALTH PRESBYTERIAN HOSPITAL DALLAS | 8200 WALNUT HILL LN | | DALLAS | TX"
dfw_006,1275673972,"PRESBYTERIAN HOSPITAL OF DALLAS | 8200 WALNUT HILL LN | | DALLAS | TX"
dfw_006,1295887727,"TEXAS HEALTH PRESBYTERIAN HOSPITAL DALLAS | 8200 WALNUT HILL LN | | DALLAS | TX"
dfw_006,1316007032,"TEXAS HEALTH PRESBYTERIAN HOSPITAL DALLAS | 8200 WALNUT HILL LN | | DALLAS | TX"
dfw_006,1326253923,"PRESBYTERIAN HOSPITAL OF DALLAS | 8200 WALNUT HILL LANE | | DALLAS | TX"
dfw_006,1396779948,"TEXAS HEALTH PRESBYTERIAN HOSPITAL DALLAS | 8200 WALNUT HILL LANE | | DALLAS | TX"
dfw_006,1740375377,"TEXAS HEALTH PRESBYTERIAN HOSPITAL DALLAS | 8200 WALNUT HILL LN | GROUND LOBBY | DALLAS | TX"
dfw_006,1750335618,"PRESBYTERIAN HOSPITAL OF DALLAS | 8200 WALNUT HILL LN | | DALLAS | TX"
dfw_006,1952453987,"TEXAS HEALTH PRESBYTERIAN HOSPITAL DALLAS | 8200 WALNUT HILL LN | | DALLAS | TX"
dfw_007,1205960903,"HARRIS METHODIST FORT WORTH | 1301 PENNSYLVANIA AVE | | FORT WORTH | TX"
dfw_007,1336172105,"TEXAS HEALTH HARRIS METHODIST HOSPITAL FORT WORTH | 1301 PENNSYLVANIA AVE | | FORT WORTH | TX"
dfw_007,1407866064,"TEXAS HEALTH HARRIS METHODIST HOSPITAL FORT WORTH | 1301 PENNSYLVANIA AVE | | FORT WORTH | TX"
dfw_007,1447376892,"HARRIS METHODIST FORT WORTH | 1301 PENNSYLVANIA AVE | | FORT WORTH | TX"
dfw_007,1538292990,"TEXAS HEALTH HARRIS METHODIST HOSPITAL FORT WORTH | 1301 PENNSYLVANIA AVE | | FORT WORTH | TX"
dfw_007,1710061023,"TEXAS HEALTH HARRIS METHODIST HOSPITAL FORT WORTH | 1301 PENNSYLVANIA AVE | | FORT WORTH | TX"
dfw_007,1730278417,"TEXAS HEALTH SPECIALTY HOSPITAL FORT WORTH | 1301 PENNSYLVANIA AVE | | FORT WORTH | TX"
dfw_007,1972637619,"TEXAS HEALTH HARRIS METHODIST HOSPITAL FORT WORTH | 1301 PENNSYLVANIA AVE | | FORT WORTH | TX"
dfw_008,1083633143,"BAYLOR ALL SAINTS MEDICAL CENTER | 1400 8TH AVENUE | | FORT WORTH | TX"
dfw_008,1497755839,"BAYLOR ALL SAINTS MEDICAL CENTER | 1400 8TH AVE | | FORT WORTH | TX"
dfw_008,1669472387,"BAYLOR ALL SAINTS MEDICAL CENTER | 1400 8TH AVE | | FORT WORTH | TX"
dfw_008,1790298388,"BAYLOR ALL SAINTS MEDICAL CENTER | 1400 8TH AVE | | FORT WORTH | TX"
dfw_008,1831199462,"BAYLOR ALL SAINTS MEDICAL CENTER | 1400 8TH AVE | | FORT WORTH | TX"
dfw_008,1972640316,"BAYLOR ALL SAINTS MEDICAL CENTER | 1400 8TH AVE | | FORT WORTH | TX"
dfw_009,1093088684,"JOHN PETER SMITH HOSPITAL ORTHOPEDICS | 1500 S MAIN ST | | FORT WORTH | TX"
dfw_009,1487054789,"JOHN PETER SMITH HOSPITAL | 1500 S MAIN ST | | FORT WORTH | TX"
dfw_009,1649681412,"JOHN PETER SMITH HOSPITAL | 1500 S MAIN ST | | FORT WORTH | TX"
dfw_009,1720538622,"JOHN PETER SMITH HEALTH NETWORK | 1500 S MAIN ST | | FORT WORTH | TX"
dfw_009,1760642177,"JOHN PETER SMITH HOSPITAL | 1500 S MAIN ST | | FORT WORTH | TX"
dfw_010,1144773045,"QUESTCARE HOSPITALISTS, PLLC | 3901 W 15TH ST | | PLANO | TX"
dfw_010,1164574489,"QUESTCARE MEDICAL SERVICES PLLC | 3901 W 15TH ST | | PLANO | TX"
dfw_010,1184897159,"QUESTCARE OBSTETRICS PLLC | 3901 W 15TH ST | | PLANO | TX"
dfw_010,1386817823,"QUESTCARE OBSTETRICS PLLC | 3901 W 15TH ST | | PLANO | TX"
dfw_010,1396798518,"COLUMBIA MEDICAL CENTER OF PLANO SUBSIDIARY LP | 3901 W 15TH ST | | PLANO | TX"
dfw_010,1588618557,"COLUMBIA MEDICAL CENTER OF PLANO SUBSIDIARY LP | 3901 W 15TH ST | | PLANO | TX"
dfw_010,1699726406,"COLUMBIA MEDICAL CENTER OF PLANO SUBSIDIARY LP | 3901 W 15TH ST | | PLANO | TX"
dfw_011,1194743013,"CHILDREN'S HEALTH SYSTEM OF TEXAS | 1935 MEDICAL DISTRICT DR | | DALLAS | TX"
dfw_011,1588746002,"CHILDREN'S HEALTH SYSTEM OF TEXAS | 1935 MEDICAL DISTRICT DR STE E1000 | | DALLAS | TX"
dfw_011,1700183860,"CHILDREN'S MEDICAL CENTER DALLAS | 1935 MEDICAL DISTRICT DR | WAYFIND D7023 | DALLAS | TX"
dfw_011,1922428234,"CHILDREN'S HEALTH SYSTEM OF TEXAS | 1935 MEDICAL DISTRICT DR | | DALLAS | TX"
dfw_012,1083472062,"COOK CHILDREN'S PHYSICIAN NETWORK | 801 7TH AVE | | FORT WORTH | TX"
dfw_012,1255882411,"COOK CHILDREN'S PHYSICIAN NETWORK | 801 7TH AVE | | FORT WORTH | TX"
dfw_012,1336198894,"COOK CHILDREN'S MEDICAL CENTER | 801 7TH AVE | | FORT WORTH | TX"
dfw_012,1467903088,"COOK CHILDREN'S PHYSICIAN NETWORK | 801 7TH AVE | | FORT WORTH | TX"
dfw_012,1669442042,"COOK CHILDREN'S PHYSICIAN NETWORK | 801 7TH AVE | | FORT WORTH | TX"
dfw_012,1700127909,"COOK CHILDREN'S MEDICAL CENTER | 801 7TH AVE STE 1700 | | FORT WORTH | TX"
dfw_012,1750369203,"COOK CHILDREN'S PHYSICIAN NETWORK | 801 7TH AVE | | FORT WORTH | TX"
dfw_012,1891765178,"COOK CHILDREN'S MEDICAL CENTER | 801 7TH AVE | | FORT WORTH | TX"
dfw_013,1033165501,"METHODIST HOSPITALS OF DALLAS | 2831 E PRESIDENT GEORGE BUSH HWY | | RICHARDSON | TX"
dfw_014,1063965960,"QUESTCARE HOSPITALISTS, PLLC | 3301 MATLOCK RD | | ARLINGTON | TX"
dfw_014,1114107604,"COLUMBIA MEDICAL CENTER OF ARLINGTON SUBSIDIARY LP | 3301 MATLOCK RD | | ARLINGTON | TX"
dfw_014,1134172406,"COLUMBIA MEDICAL CENTER OF ARLINGTON SUBSIDIARY LP | 3301 MATLOCK RD | | ARLINGTON | TX"
dfw_014,1164757860,"QUESTCARE OBSTETRICS PLLC | 3301 MATLOCK RD | | ARLINGTON | TX"
dfw_014,1316467186,"QUESTCARE PULMONARY CONSULTANTS PLLC | 3301 MATLOCK RD | | ARLINGTON | TX"
dfw_014,1356990089,"COLUMBIA MEDICAL CENTER OF ARLINGTON SUBSIDIARY LP | 3301 MATLOCK RD | | ARLINGTON | TX"
dfw_014,1366493090,"COLUMBIA MEDICAL CENTER OF ARLINGTON SUBSIDIARY LP | 3301 MATLOCK RD | | ARLINGTON | TX"
dfw_014,1497807713,"QUESTCARE MEDICAL SERVICES, PLLC | 3301 MATLOCK RD | | ARLINGTON | TX"
dfw_014,1912950114,"COLUMBIA MEDICAL CENTER OF ARLINGTON SUBSIDIARY LP | 3301 MATLOCK RD | | ARLINGTON | TX"
dfw_015,1629015748,"COLUMBIA PLAZA MEDICAL CENTER OF FORT WORTH SUBSIDIARY LP | 900 8TH AVE | | FORT WORTH | TX"
dfw_015,1659323772,"COLUMBIA PLAZA MEDICAL CENTER OF FORT WORTH SUBSIDIARY LP | 900 8TH AVE | | FORT WORTH | TX"
dfw_015,1710924832,"COLUMBIA PLAZA MEDICAL CENTER OF FORT WORTH SUBSIDIARY LP | 900 8TH AVE | | FORT WORTH | TX"
dfw_015,1992742019,"COLUMBIA PLAZA MEDICAL CENTER OF FORT WORTH SUBSIDIARY LP | 900 8TH AVE | | FORT WORTH | TX"
dfw_016,1073664116,"PRESBYTERIAN HOSPITAL OF PLANO | 6200 W PARKER RD | | PLANO | TX"
dfw_016,1104982511,"TEXAS HEALTH PRESBYTERIAN HOSPITAL PLANO | 6200 W PARKER RD | | PLANO | TX"
dfw_016,1366822447,"TEXAS HEALTH PRESBYTERIAN HOSPITAL PLANO | 6200 W PARKER RD | | PLANO | TX"
dfw_016,1609927748,"TEXAS HEALTH PRESBYTERIAN HOSPITAL PLANO | 6200 W PARKER RD | | PLANO | TX"
dfw_016,1730245135,"TEXAS HEALTH PRESBYTERIAN HOSPITAL PLANO | 6200 W PARKER RD | | PLANO | TX"
dfw_016,1770514077,"TEXAS HEALTH PRESBYTERIAN HOSPITAL PLANO | 6200 W PARKER RD | | PLANO | TX"
dfw_017,1346265071,"HUGULEY EMERGENCY PHYSICIANS, LLP | 11801 S FREEWAY | | FORT WORTH | TX"
dfw_017,1366740177,"HUGULEY MEMORIAL MEDICAL CENTER | 11801 SOUTH FREEWAY | | FORT WORTH | TX"
hou_001,1063775872,"THE METHODIST HOSPITAL | 6565 FANNIN ST | | HOUSTON | TX"
hou_001,1548387418,"THE METHODIST HOSPITAL | 6565 FANNIN ST | | HOUSTON | TX"
hou_001,1699038901,"THE METHODIST HOSPITAL SYSTEM | 6565 FANNIN ST | | HOUSTON | TX"
hou_002,1871619254,"METHODIST HEALTH CENTERS | 18220 STATE HIGHWAY 249 | | HOUSTON | TX"
hou_003,1083937593,"METHODIST HEALTH CENTERS | 18500 KATY FWY | | HOUSTON | TX"
hou_004,1063448124,"MEMORIAL HERMANN HEALTH SYSTEM | 6411 FANNIN ST | | HOUSTON | TX"
hou_004,1245266303,"MEMORIAL HERMANN HEALTH SYSTEM | 6411 FANNIN ST | | HOUSTON | TX"
hou_004,1275744799,"MEMORIAL HERMANN HEALTH SYSTEM | 6411 FANNIN ST | | HOUSTON | TX"
hou_004,1366229619,"MEMORIAL HERMANN HEALTH SYSTEM | 6411 FANNIN ST # JG201 | | HOUSTON | TX"
hou_004,1437276862,"MEMORIAL HERMANN HEALTH SYSTEM | 6411 FANNIN ST | | HOUSTON | TX"
hou_004,1477769529,"MEMORIAL HERMANN HEALTH SYSTEM | 6411 FANNIN ST | | HOUSTON | TX"
hou_004,1629291323,"MEMORIAL HERMANN HEALTH SYSTEM | 6411 FANNIN | | HOUSTON | TX"
hou_004,1710100417,"MEMORIAL HERMANN HEALTH SYSTEM | 6411 FANNIN | | HOUSTON | TX"
hou_004,1801007323,"MEMORIAL HERMANN HEALTH SYSTEM | 6411 FANNIN ST | | HOUSTON | TX"
hou_004,1831312941,"MEMORIAL HERMANN HEALTH SYSTEM | 6411 FANNIN ST | | HOUSTON | TX"
hou_004,1982666111,"MEMORIAL HERMANN HEALTH SYSTEM | 6411 FANNIN ST | | HOUSTON | TX"
hou_004,1992747125,"MEMORIAL HERMANN HEALTH SYSTEM | 6411 FANNIN ST | | HOUSTON | TX"
hou_005,1184847295,"MEMORIAL HERMANN HEALTH SYSTEM | 921 GESSNER RD | | HOUSTON | TX"
hou_005,1316977465,"MEMORIAL HERMANN HEALTH SYSTEM | 921 GESSNER RD | | HOUSTON | TX"
hou_005,1538382239,"MEMORIAL HERMANN HEALTH SYSTEM | 921 GESSNER | | HOUSTON | TX"
hou_005,1740233782,"MEMORIAL HERMANN HEALTH SYSTEM | 921 GESSNER RD | | HOUSTON | TX"
hou_006,1053755272,"UNIVERSITY OF TEXAS MD ANDERSON CANCER CENTER | 1515 HOLCOMBE BLVD UNIT 428 | | HOUSTON | TX"
hou_006,1073957130,"MD ANDERSON CANCER CENTER | 1515 HOLCOMBE BLVD | | HOUSTON | TX"
hou_006,1083730964,"M. D. ANDERSON CANCER CENTER | 1515 HOLCOMBE BLVD | | HOUSTON | TX"
hou_006,1144669508,"MD ANDERSON | 1515 HOLCOMBE BLVD | | HOUSTON | TX"
hou_006,1174582050,"UNIVERSITY OF TEXAS M. D. ANDERSON CANCER CENTER | 1515 HOLCOMBE BLVD | | HOUSTON | TX"
hou_006,1336548999,"MD ANDERSON CANCER CENTER | 1515 HOLCOMBE BLVD | | HOUSTON | TX"
hou_006,1457671042,"UNIV OF TEXAS MD ANDERSON CANCER CENTER | 1515 HOLCOMBE BLVD | UNIT 90 | HOUSTON | TX"
hou_006,1508965435,"UNIVERSITY OF TEXAS M D ANDERSON | 1515 HOLCOMBE BLVD UNIT 90 | | HOUSTON | TX"
hou_006,1548567704,"MD ANDERSON CANCER CENTER | 1515 HOLCOMBE BLVD | UNIT 1445 | HOUSTON | TX"
hou_006,1568707305,"MD ANDERSON CANCER CENTER | 1515 HOLCOMBE BLVD | UNIT 1448 | HOUSTON | TX"
hou_006,1619060209,"MD ANDERSON CANCER CENTER | 1515 HOLCOMBE BLVD | MD ANDERSON CANCER CTR, LYMPHOMA/MYELOMA DEPT #429 | HOUSTON | TX"
hou_006,1952521189,"UT MD ANDERSON CANCER CENTER | 1515 HOLCOMBE BLVD UNIT 72 | | HOUSTON | TX"
hou_007,1184622847,"CHI ST. LUKE'S HEALTH BAYLOR COLLEGE OF MEDICINE MEDICAL CENTER | 6720 BERTNER ST | | HOUSTON | TX"
hou_007,1194894832,"BAYLOR COLLEGE OF MEDICINE | 6720 BERTNER ST | | HOUSTON | TX"
hou_007,1285678458,"CHI ST. LUKE'S HEALTH BAYLOR COLLEGE OF MEDICINE MEDICAL CENTER | 6720 BERTNER ST | | HOUSTON | TX"
hou_007,1841690740,"CHI ST LUKE'S HEALTH BAYLOR ST. LUKE'S MEDICAL CENTER | 6720 BERTNER STREET | MC 4-278 BOX 112 | HOUSTON | TX"
hou_008,1013283159,"TEXAS CHILDRENS HOSPITAL | 6621 FANNIN ST | | HOUSTON | TX"
hou_008,1194275222,"TEXAS CHILDREN HOSPITAL | 6621 FANNIN ST | | HOUSTON | TX"
hou_008,1477643690,"TEXAS CHILDREN'S HOSPITAL | 6621 FANNIN ST | | HOUSTON | TX"
hou_008,1487600334,"TEXAS CHILDRENS HOSPITAL | 6621 FANNIN ST | | HOUSTON | TX"
hou_008,1588605406,"BAYLOR COLLEGE OF MEDICINE | 6621 FANNIN ST | | HOUSTON | TX"
hou_008,1588671630,"BAYLOR COLLEGE OF MEDICINE | 6621 FANNIN ST | CCC 1010 | HOUSTON | TX"
hou_008,1619211034,"BAYLOR COLLEGE OF MEDICINE | 6621 FANNIN ST | | HOUSTON | TX"
hou_008,1861675506,"TEXAS CHILDREN'S PHYSICIAN GROUP | 6621 FANNIN ST | | HOUSTON | TX"
hou_008,1891971222,"TEXAS CHILDREN'S HOSPTIAL PHARMACY | 6621 FANNIN ST STE WB1120 | | HOUSTON | TX"
hou_009,1033283619,"BAYLOR COLLEGE OF MEDICINE | 1504 TAUB LOOP | DEPT. OF DERMATOLOGY | HOUSTON | TX"
hou_009,1053352914,"BAYLOR COLLEGE OF MEDICINE | 1504 TAUB LOOP | | HOUSTON | TX"
hou_009,1164463287,"BAYLOR COLLEGE OF MEDICINE | 1504 TAUB LOOP | | HOUSTON | TX"
hou_009,1164807624,"BEN TAUB GENERAL HOSPITAL | 1504 TAUB LOOP | | HOUSTON | TX"
hou_009,1205900370,"HARRIS COUNTY HOSPITAL DISTRICT | 1504 TAUB LOOP | | HOUSTON | TX"
hou_009,1215190202,"HARRIS COUNTY HOSPITAL DISTRICT BEN TAUB | 1504 TAUB LOOP | | HOUSTON | TX"
hou_009,1255430690,"BAYLOR COLLEGE OF MEDICINE | 1504 TAUB LOOP | DEPT. OF PATHOLOGY | HOUSTON | TX"
hou_009,1285644831,"BAYLOR COLLEGE OF MEDICINE | 1504 TAUB LOOP | | HOUSTON | TX"
hou_009,1295769107,"BAYLOR COLLEGE OF MEDICINE | 1504 TAUB LOOP | | HOUSTON | TX"
hou_009,1306885082,"BAYLOR COLLEGE OF MEDICINE | 1504 TAUB LOOP | | HOUSTON | TX"
hou_009,1306975081,"BAYLOR COLLEGE OF MEDICINE TEEN HEALTH CLINIC | 1504 TAUB LOOP | | HOUSTON | TX"
hou_009,1356428460,"HARRIS COUNTY HOSPITAL DISTRICT | 1504 TAUB LOOP | | HOUSTON | TX"
hou_009,1386731222,"BAYLOR COLLEGE OF MEDICINE | 1504 TAUB LOOP | | HOUSTON | TX"
hou_009,1407920069,"BAYLOR COLLEGE OF MEDICINE | 1504 TAUB LOOP | DEPT. OF ONCOLOGY | HOUSTON | TX"
hou_009,1417322116,"BAYLOR BEN TAUB TEEN HEALTH CLINIC | 1504 TAUB LOOP | | HOUSTON | TX"
hou_009,1437288180,"BAYLOR COLLEGE OF MEDICINE TEEN HEALTH CLINIC | 1504 TAUB LOOP | | HOUSTON | TX"
hou_009,1497843700,"BAYLOR COLLEGE OF MEDICINE | 1504 TAUB LOOP | DEPT. OF ANESTHESIOLOGY | HOUSTON | TX"
hou_009,1508930181,"BAYLOR COLLEGE OF MEDICINE | 1504 TAUB LOOP | DEPT. OF CARDIOLOGY | HOUSTON | TX"
hou_009,1508952706,"BAYLOR COLLEGE OF MEDICINE | 1504 TAUB LOOP | | HOUSTON | TX"
hou_009,1538233127,"BAYLOR COLLEGE OF MEDICINE | 1504 TAUB LOOP | DEPT. OF ANESTHESIOLOGY | HOUSTON | TX"
hou_009,1588663025,"HARRIS COUNTY HOSPITAL DISTRICT | 1504 TAUB LOOP | | HOUSTON | TX"
hou_009,1598839151,"BAYLOR COLLEGE OF MEDICINE | 1504 TAUB LOOP | DEPT. OF RHEUMATOLOGY | HOUSTON | TX"
hou_009,1619041282,"BAYLOR COLLEGE OF MEDICINE | 1504 TAUB LOOP | DEPT. OF PULMONARY | HOUSTON | TX"
hou_009,1629173034,"BAYLOR COLLEGE OF MEDICINE | 1504 TAUB LOOP | | HOUSTON | TX"
hou_009,1659639722,"BAYLOR COLLEGE OF MEDICINE | 1504 TAUB LOOP | EMERGENCY CENTER , C/O VICTORIA GARCIA | HOUSTON | TX"
hou_009,1699722157,"BAYLOR COLLEGE OF MEDICINE | 1504 TAUB LOOP | | HOUSTON | TX"
hou_009,1700950375,"BAYLOR COLLEGE OF MEDICINE | 1504 TAUB LOOP | DEPT. OF INFECTIOUS DISEASES | HOUSTON | TX"
hou_009,1710051396,"BAYLOR COLLEGE OF MEDICINE | 1504 TAUB LOOP | DEPT. OF NEPHROLOGY | HOUSTON | TX"
hou_009,1720182389,"BAYLOR COLLEGE OF MEDICINE | 1504 TAUB LOOP | | HOUSTON | TX"
hou_009,1780615278,"BAYLOR COLLEGE OF MEDICINE | 1504 TAUB LOOP | | HOUSTON | TX"
hou_009,1801177555,"BAYLOR COLLEGE OF MEDICINE | 1504 TAUB LOOP | | HOUSTON | TX"
hou_009,1861564445,"BAYLOR COLLEGE OF MEDICINE | 1504 TAUB LOOP | DEPT. OF GERIATRICS | HOUSTON | TX"
hou_009,1891869467,"BAYLOR COLLEGE OF MEDICINE | 1504 TAUB LOOP | DEPT. OF HEMATOLOGY | HOUSTON | TX"
hou_009,1891894242,"BAYLOR COLLEGE OF MEDICINE | 1504 TAUB LOOP | | HOUSTON | TX"
hou_009,1902970585,"BAYLOR COLLEGE OF MEDICINE | 1504 TAUB LOOP | DEPT. OF UROLOGY | HOUSTON | TX"
hou_009,1902983000,"HARRIS COUNTY HOSPITAL DISTRICT | 1504 TAUB LOOP | | HOUSTON | TX"
hou_009,1912001504,"BAYLOR COLLEGE OF MEDICINE | 1504 TAUB LOOP | ATTN: DEPT. OF NEUROLOGY | HOUSTON | TX"
hou_009,1982633434,"BAYLOR COLLEGE OF MEDICINE | 1504 TAUB LOOP | | HOUSTON | TX"
hou_009,1982778544,"BAYLOR COLLEGE OF MEDICINE | 1504 TAUB LOOP | DEPT. OF ENDOCRINOLOGY | HOUSTON | TX"
hou_009,1982778569,"BAYLOR COLLEGE OF MEDICINE | 1504 TAUB LOOP | DEPT. OF GASTROENTEROLOGY | HOUSTON | TX"
hou_010,1164636486,"UT PHYSICIANS | 5656 KELLEY ST | | HOUSTON | TX"
hou_010,1275532509,"HARRIS COUNTY HOSPITAL DISTRICT | 5656 KELLEY ST | OP PHARMACY | HOUSTON | TX"
hou_010,1396874293,"BAYLOR COLLEGE OF MEDICINE TEEN HEALTH CLINIC | 5656 KELLEY ST | | HOUSTON | TX"
hou_010,1538524434,"BAYLOR LYNDON B JOHNSON | 5656 KELLEY ST | | HOUSTON | TX"
hou_010,1568937100,"UT PHYSICIANS SPECIALTY SERVICES | 5656 KELLEY ST | | HOUSTON | TX"
hou_011,1023065794,"CHCA WOMANS HOSPITAL LP | 7600 FANNIN ST | | HOUSTON | TX"
hou_011,1215176219,"OB HOSPITALISTS OF WOMANS HOSPITAL PLLC | 7600 FANNIN ST | | HOUSTON | TX"
hou_011,1518906510,"CHCA WOMAN'S HOSPITAL, L.P. | 7600 FANNIN ST | | HOUSTON | TX"

